<?xml version="1.0" encoding="UTF-8"?>
<?mso-application progid="Excel.Sheet"?>
<Workbook xmlns="urn:schemas-microsoft-com:office:spreadsheet"
xmlns:o="urn:schemas-microsoft-com:office:office"
xmlns:x="urn:schemas-microsoft-com:office:excel"
xmlns:ss="urn:schemas-microsoft-com:office:spreadsheet"
xmlns:html="http://www.w3.org/TR/REC-html40">
<Worksheet ss:Name="Table1">
	<Table>
		<Column ss:Index="1" ss:AutoFitWidth="0" ss:Width="110"/>
		<Column ss:Index="2" ss:AutoFitWidth="0" ss:Width="110"/>
		<Row>
			<Cell><Data ss:Type="String">trogiangNhanvien</Data></Cell>
			<Cell><Data ss:Type="String">chinhanhMaCN</Data></Cell>
		</Row>

		<Row>
			<Cell><Data ss:Type="String">TG001</Data></Cell>
			<Cell><Data ss:Type="String">HCM009</Data></Cell>
		</Row>
		<Row>
			<Cell><Data ss:Type="String">TG002</Data></Cell>
			<Cell><Data ss:Type="String">HCM010</Data></Cell>
		</Row>
		<Row>
			<Cell><Data ss:Type="String">TG003</Data></Cell>
			<Cell><Data ss:Type="String">HCM014</Data></Cell>
		</Row>
		<Row>
			<Cell><Data ss:Type="String">TG004</Data></Cell>
			<Cell><Data ss:Type="String">HN001</Data></Cell>
		</Row>	</Table>
</Worksheet>
</Workbook>
