<?xml version="1.0" encoding="UTF-8"?>
<?mso-application progid="Excel.Sheet"?>
<Workbook xmlns="urn:schemas-microsoft-com:office:spreadsheet"
xmlns:o="urn:schemas-microsoft-com:office:office"
xmlns:x="urn:schemas-microsoft-com:office:excel"
xmlns:ss="urn:schemas-microsoft-com:office:spreadsheet"
xmlns:html="http://www.w3.org/TR/REC-html40">
<Worksheet ss:Name="Table1">
	<Table>
		<Column ss:Index="1" ss:AutoFitWidth="0" ss:Width="110"/>
		<Column ss:Index="2" ss:AutoFitWidth="0" ss:Width="110"/>
		<Row>
			<Cell><Data ss:Type="String">Doituong</Data></Cell>
			<Cell><Data ss:Type="String">khoahocMaKH</Data></Cell>
		</Row>

		<Row>
			<Cell><Data ss:Type="String">Người muốn trau dồi tiếng anh</Data></Cell>
			<Cell><Data ss:Type="String">KN001</Data></Cell>
		</Row>
		<Row>
			<Cell><Data ss:Type="String">Doanh nhân</Data></Cell>
			<Cell><Data ss:Type="String">KN002</Data></Cell>
		</Row>
		<Row>
			<Cell><Data ss:Type="String">Nhân viên văn phòng</Data></Cell>
			<Cell><Data ss:Type="String">KN002</Data></Cell>
		</Row>
		<Row>
			<Cell><Data ss:Type="String">Người thụ động</Data></Cell>
			<Cell><Data ss:Type="String">KN003</Data></Cell>
		</Row>
		<Row>
			<Cell><Data ss:Type="String">Người yếu nghe nói</Data></Cell>
			<Cell><Data ss:Type="String">KN003</Data></Cell>
		</Row>
		<Row>
			<Cell><Data ss:Type="String">Người mất căn bản tiếng anh</Data></Cell>
			<Cell><Data ss:Type="String">KN004</Data></Cell>
		</Row>
		<Row>
			<Cell><Data ss:Type="String">Người có nhu cầu ôn thi IELTS</Data></Cell>
			<Cell><Data ss:Type="String">OT001</Data></Cell>
		</Row>
		<Row>
			<Cell><Data ss:Type="String">Người có nhu cầu ôn thi IELTS</Data></Cell>
			<Cell><Data ss:Type="String">OT002</Data></Cell>
		</Row>
		<Row>
			<Cell><Data ss:Type="String">Người có nhu cầu ôn thi IELTS</Data></Cell>
			<Cell><Data ss:Type="String">OT003</Data></Cell>
		</Row>
		<Row>
			<Cell><Data ss:Type="String">Người có nhu cầu ôn thi IELTS</Data></Cell>
			<Cell><Data ss:Type="String">OT004</Data></Cell>
		</Row>
		<Row>
			<Cell><Data ss:Type="String">Người có nhu cầu ôn thi TOEIC</Data></Cell>
			<Cell><Data ss:Type="String">OT005</Data></Cell>
		</Row>
		<Row>
			<Cell><Data ss:Type="String">Người có nhu cầu ôn thi TOEIC</Data></Cell>
			<Cell><Data ss:Type="String">OT006</Data></Cell>
		</Row>
		<Row>
			<Cell><Data ss:Type="String">Người có nhu cầu ôn thi TOEIC</Data></Cell>
			<Cell><Data ss:Type="String">OT007</Data></Cell>
		</Row>
		<Row>
			<Cell><Data ss:Type="String">Học sinh muốn trau dồi anh văn</Data></Cell>
			<Cell><Data ss:Type="String">TN001</Data></Cell>
		</Row>
		<Row>
			<Cell><Data ss:Type="String">Thiếu niên khoảng 11 - 15 tuổi</Data></Cell>
			<Cell><Data ss:Type="String">TN001</Data></Cell>
		</Row>
		<Row>
			<Cell><Data ss:Type="String">Trẻ cần làm quen với tiếng anh</Data></Cell>
			<Cell><Data ss:Type="String">TNH001</Data></Cell>
		</Row>
		<Row>
			<Cell><Data ss:Type="String">Trẻ mẫu giáo</Data></Cell>
			<Cell><Data ss:Type="String">TNH001</Data></Cell>
		</Row>
		<Row>
			<Cell><Data ss:Type="String">Trẻ thích hoạt động ngoại khóa</Data></Cell>
			<Cell><Data ss:Type="String">TNH002</Data></Cell>
		</Row>
		<Row>
			<Cell><Data ss:Type="String">Trẻ trong độ tuổi tiểu học</Data></Cell>
			<Cell><Data ss:Type="String">TNH002</Data></Cell>
		</Row>
		<Row>
			<Cell><Data ss:Type="String">Trẻ thích hoạt động ngoại khóa</Data></Cell>
			<Cell><Data ss:Type="String">TNH003</Data></Cell>
		</Row>	</Table>
</Worksheet>
</Workbook>
