<?xml version="1.0" encoding="UTF-8"?>
<?mso-application progid="Excel.Sheet"?>
<Workbook xmlns="urn:schemas-microsoft-com:office:spreadsheet"
xmlns:o="urn:schemas-microsoft-com:office:office"
xmlns:x="urn:schemas-microsoft-com:office:excel"
xmlns:ss="urn:schemas-microsoft-com:office:spreadsheet"
xmlns:html="http://www.w3.org/TR/REC-html40">
<Worksheet ss:Name="Table1">
	<Table>
		<Column ss:Index="1" ss:AutoFitWidth="0" ss:Width="110"/>
		<Column ss:Index="2" ss:AutoFitWidth="0" ss:Width="110"/>
		<Row>
			<Cell><Data ss:Type="String">MaGT</Data></Cell>
			<Cell><Data ss:Type="String">Ten</Data></Cell>
			<Cell><Data ss:Type="String">Namxuatban</Data></Cell>
		</Row>

		<Row>
			<Cell><Data ss:Type="String">KN001_GT01</Data></Cell>
			<Cell><Data ss:Type="String">Tài liệu độc quyền</Data></Cell>
			<Cell><Data ss:Type="Number">2021</Data></Cell>
		</Row>
		<Row>
			<Cell><Data ss:Type="String">KN002_GT01</Data></Cell>
			<Cell><Data ss:Type="String">Tài liệu độc quyền</Data></Cell>
			<Cell><Data ss:Type="Number">2021</Data></Cell>
		</Row>
		<Row>
			<Cell><Data ss:Type="String">KN003_GT01</Data></Cell>
			<Cell><Data ss:Type="String">Tài liệu độc quyền</Data></Cell>
			<Cell><Data ss:Type="Number">2021</Data></Cell>
		</Row>
		<Row>
			<Cell><Data ss:Type="String">KN004_GT01</Data></Cell>
			<Cell><Data ss:Type="String">Tài liệu độc quyền</Data></Cell>
			<Cell><Data ss:Type="Number">2021</Data></Cell>
		</Row>
		<Row>
			<Cell><Data ss:Type="String">OT001_GT01</Data></Cell>
			<Cell><Data ss:Type="String">Grammar In Use</Data></Cell>
			<Cell><Data ss:Type="Number">2015</Data></Cell>
		</Row>
		<Row>
			<Cell><Data ss:Type="String">OT001_GT02</Data></Cell>
			<Cell><Data ss:Type="String">Cambridge Grammar for IELTS</Data></Cell>
			<Cell><Data ss:Type="Number">2018</Data></Cell>
		</Row>
		<Row>
			<Cell><Data ss:Type="String">OT002_GT01</Data></Cell>
			<Cell><Data ss:Type="String">Cambridge Grammar for IELTS</Data></Cell>
			<Cell><Data ss:Type="Number">2018</Data></Cell>
		</Row>
		<Row>
			<Cell><Data ss:Type="String">OT002_GT02</Data></Cell>
			<Cell><Data ss:Type="String">Basic Vocabulary in Use</Data></Cell>
			<Cell><Data ss:Type="Number">2019</Data></Cell>
		</Row>
		<Row>
			<Cell><Data ss:Type="String">OT002_GT03</Data></Cell>
			<Cell><Data ss:Type="String">Destination B1 – B2</Data></Cell>
			<Cell><Data ss:Type="Number">2016</Data></Cell>
		</Row>
		<Row>
			<Cell><Data ss:Type="String">OT003_GT01</Data></Cell>
			<Cell><Data ss:Type="String">Vocabulary in use Intermediate</Data></Cell>
			<Cell><Data ss:Type="Number">2020</Data></Cell>
		</Row>
		<Row>
			<Cell><Data ss:Type="String">OT003_GT02</Data></Cell>
			<Cell><Data ss:Type="String">The Cambridge Official Guide to IELTS</Data></Cell>
			<Cell><Data ss:Type="Number">2019</Data></Cell>
		</Row>
		<Row>
			<Cell><Data ss:Type="String">OT003_GT03</Data></Cell>
			<Cell><Data ss:Type="String">Cambridge Practice Test for IELTS</Data></Cell>
			<Cell><Data ss:Type="Number">2018</Data></Cell>
		</Row>
		<Row>
			<Cell><Data ss:Type="String">OT004_GT01</Data></Cell>
			<Cell><Data ss:Type="String">How to crack the IELTS Speaking Test</Data></Cell>
			<Cell><Data ss:Type="Number">2020</Data></Cell>
		</Row>
		<Row>
			<Cell><Data ss:Type="String">OT004_GT02</Data></Cell>
			<Cell><Data ss:Type="String">Cambridge Practice Test Plus</Data></Cell>
			<Cell><Data ss:Type="Number">2017</Data></Cell>
		</Row>
		<Row>
			<Cell><Data ss:Type="String">OT005_GT01</Data></Cell>
			<Cell><Data ss:Type="String">Developing Skills for the TOEIC Test</Data></Cell>
			<Cell><Data ss:Type="Number">2015</Data></Cell>
		</Row>
		<Row>
			<Cell><Data ss:Type="String">OT005_GT02</Data></Cell>
			<Cell><Data ss:Type="String">TOEIC PDF Economy TOEIC 1000</Data></Cell>
			<Cell><Data ss:Type="Number">2018</Data></Cell>
		</Row>
		<Row>
			<Cell><Data ss:Type="String">OT006_GT01</Data></Cell>
			<Cell><Data ss:Type="String">Big Step Toeic</Data></Cell>
			<Cell><Data ss:Type="Number">2019</Data></Cell>
		</Row>
		<Row>
			<Cell><Data ss:Type="String">OT006_GT02</Data></Cell>
			<Cell><Data ss:Type="String">Pronunciation in American English</Data></Cell>
			<Cell><Data ss:Type="Number">2019</Data></Cell>
		</Row>
		<Row>
			<Cell><Data ss:Type="String">OT007_GT01</Data></Cell>
			<Cell><Data ss:Type="String">TOEIC Analyst</Data></Cell>
			<Cell><Data ss:Type="Number">2016</Data></Cell>
		</Row>
		<Row>
			<Cell><Data ss:Type="String">OT007_GT02</Data></Cell>
			<Cell><Data ss:Type="String">Economy Toeic 1000 volume</Data></Cell>
			<Cell><Data ss:Type="Number">2019</Data></Cell>
		</Row>
		<Row>
			<Cell><Data ss:Type="String">TN001_GT01</Data></Cell>
			<Cell><Data ss:Type="String">Solution</Data></Cell>
			<Cell><Data ss:Type="Number">2019</Data></Cell>
		</Row>
		<Row>
			<Cell><Data ss:Type="String">TN001_GT02</Data></Cell>
			<Cell><Data ss:Type="String">Tài liệu độc quyền</Data></Cell>
			<Cell><Data ss:Type="Number">2021</Data></Cell>
		</Row>
		<Row>
			<Cell><Data ss:Type="String">TNH001_GT01</Data></Cell>
			<Cell><Data ss:Type="String">My Little Island</Data></Cell>
			<Cell><Data ss:Type="Number">2018</Data></Cell>
		</Row>
		<Row>
			<Cell><Data ss:Type="String">TNH001_GT02</Data></Cell>
			<Cell><Data ss:Type="String">Family and Friends</Data></Cell>
			<Cell><Data ss:Type="Number">2020</Data></Cell>
		</Row>
		<Row>
			<Cell><Data ss:Type="String">TNH002_GT01</Data></Cell>
			<Cell><Data ss:Type="String">Amazing Science</Data></Cell>
			<Cell><Data ss:Type="Number">2019</Data></Cell>
		</Row>
		<Row>
			<Cell><Data ss:Type="String">TNH002_GT02</Data></Cell>
			<Cell><Data ss:Type="String">Family and Friends</Data></Cell>
			<Cell><Data ss:Type="Number">2020</Data></Cell>
		</Row>	</Table>
</Worksheet>
</Workbook>
