<?xml version="1.0" encoding="UTF-8"?>
<?mso-application progid="Excel.Sheet"?>
<Workbook xmlns="urn:schemas-microsoft-com:office:spreadsheet"
xmlns:o="urn:schemas-microsoft-com:office:office"
xmlns:x="urn:schemas-microsoft-com:office:excel"
xmlns:ss="urn:schemas-microsoft-com:office:spreadsheet"
xmlns:html="http://www.w3.org/TR/REC-html40">
<Worksheet ss:Name="Table1">
	<Table>
		<Column ss:Index="1" ss:AutoFitWidth="0" ss:Width="110"/>
		<Column ss:Index="2" ss:AutoFitWidth="0" ss:Width="110"/>
		<Column ss:Index="3" ss:AutoFitWidth="0" ss:Width="110"/>
		<Column ss:Index="4" ss:AutoFitWidth="0" ss:Width="110"/>
		<Column ss:Index="5" ss:AutoFitWidth="0" ss:Width="110"/>
		<Column ss:Index="6" ss:AutoFitWidth="0" ss:Width="110"/>
		<Column ss:Index="8" ss:AutoFitWidth="0" ss:Width="110"/>
		<Column ss:Index="9" ss:AutoFitWidth="0" ss:Width="110"/>
		<Column ss:Index="10" ss:AutoFitWidth="0" ss:Width="110"/>
		<Column ss:Index="11" ss:AutoFitWidth="0" ss:Width="110"/>
		<Row>
			<Cell><Data ss:Type="String">MaHV</Data></Cell>
			<Cell><Data ss:Type="String">Ho</Data></Cell>
			<Cell><Data ss:Type="String">Tendem</Data></Cell>
			<Cell><Data ss:Type="String">Ten</Data></Cell>
			<Cell><Data ss:Type="String">Gioitinh</Data></Cell>
			<Cell><Data ss:Type="String">Email</Data></Cell>
			<Cell><Data ss:Type="String">Namsinh</Data></Cell>
			<Cell><Data ss:Type="String">Sonha</Data></Cell>
			<Cell><Data ss:Type="String">Duong</Data></Cell>
			<Cell><Data ss:Type="String">Quanhuyen</Data></Cell>
			<Cell><Data ss:Type="String">Tinhtp</Data></Cell>
			<Cell><Data ss:Type="String">Sodienthoai</Data></Cell>
		</Row>

		<Row>
			<Cell><Data ss:Type="String">1021000</Data></Cell>
			<Cell><Data ss:Type="String">Lê</Data></Cell>
			<Cell><Data ss:Type="String">Văn</Data></Cell>
			<Cell><Data ss:Type="String">Lộc</Data></Cell>
			<Cell><Data ss:Type="String">male</Data></Cell>
			<Cell><Data ss:Type="String">loc_le@gmail.com</Data></Cell>
			<Cell><Data ss:Type="Number">2014</Data></Cell>
			<Cell><Data ss:Type="String">69</Data></Cell>
			<Cell><Data ss:Type="String">Trống Đồng</Data></Cell>
			<Cell><Data ss:Type="String">Quận 10</Data></Cell>
			<Cell><Data ss:Type="String">HCM</Data></Cell>
			<Cell><Data ss:Type="Number"></Data></Cell>
		</Row>
		<Row>
			<Cell><Data ss:Type="String">1254741</Data></Cell>
			<Cell><Data ss:Type="String">Lê</Data></Cell>
			<Cell><Data ss:Type="String">Trần Hoàng</Data></Cell>
			<Cell><Data ss:Type="String">Khang</Data></Cell>
			<Cell><Data ss:Type="String">male</Data></Cell>
			<Cell><Data ss:Type="String">khang.le2k8@gmail.com</Data></Cell>
			<Cell><Data ss:Type="Number">2008</Data></Cell>
			<Cell><Data ss:Type="String">34B</Data></Cell>
			<Cell><Data ss:Type="String">Lý Thường Kiệt</Data></Cell>
			<Cell><Data ss:Type="String">Quận 10</Data></Cell>
			<Cell><Data ss:Type="String">HCM</Data></Cell>
			<Cell><Data ss:Type="Number"></Data></Cell>
		</Row>
		<Row>
			<Cell><Data ss:Type="String">1311004</Data></Cell>
			<Cell><Data ss:Type="String">Trần</Data></Cell>
			<Cell><Data ss:Type="String">Hoàng</Data></Cell>
			<Cell><Data ss:Type="String">Dương</Data></Cell>
			<Cell><Data ss:Type="String">male</Data></Cell>
			<Cell><Data ss:Type="String">duongtran@gmail.com</Data></Cell>
			<Cell><Data ss:Type="Number">2011</Data></Cell>
			<Cell><Data ss:Type="String">150</Data></Cell>
			<Cell><Data ss:Type="String">Âu Cơ</Data></Cell>
			<Cell><Data ss:Type="String">Quận 11</Data></Cell>
			<Cell><Data ss:Type="String">HCM</Data></Cell>
			<Cell><Data ss:Type="Number"></Data></Cell>
		</Row>
		<Row>
			<Cell><Data ss:Type="String">1312451</Data></Cell>
			<Cell><Data ss:Type="String">Hồ</Data></Cell>
			<Cell><Data ss:Type="String">Thanh</Data></Cell>
			<Cell><Data ss:Type="String">Hiền</Data></Cell>
			<Cell><Data ss:Type="String">female</Data></Cell>
			<Cell><Data ss:Type="String">hienthanh@gmail.com</Data></Cell>
			<Cell><Data ss:Type="Number">2010</Data></Cell>
			<Cell><Data ss:Type="String">361</Data></Cell>
			<Cell><Data ss:Type="String">Lý Thường Kiệt</Data></Cell>
			<Cell><Data ss:Type="String">Quận 10</Data></Cell>
			<Cell><Data ss:Type="String">HCM</Data></Cell>
			<Cell><Data ss:Type="Number"></Data></Cell>
		</Row>
		<Row>
			<Cell><Data ss:Type="String">1412667</Data></Cell>
			<Cell><Data ss:Type="String">Đinh</Data></Cell>
			<Cell><Data ss:Type="String">Gia</Data></Cell>
			<Cell><Data ss:Type="String">Bảo</Data></Cell>
			<Cell><Data ss:Type="String">male</Data></Cell>
			<Cell><Data ss:Type="String">giabao2k7@gmail.com</Data></Cell>
			<Cell><Data ss:Type="Number">2007</Data></Cell>
			<Cell><Data ss:Type="String">321</Data></Cell>
			<Cell><Data ss:Type="String">Tô Ngọc Vân</Data></Cell>
			<Cell><Data ss:Type="String">Quận Thủ Đức</Data></Cell>
			<Cell><Data ss:Type="String">HCM</Data></Cell>
			<Cell><Data ss:Type="Number"></Data></Cell>
		</Row>
		<Row>
			<Cell><Data ss:Type="String">1514001</Data></Cell>
			<Cell><Data ss:Type="String">Tiêu</Data></Cell>
			<Cell><Data ss:Type="String">Phi</Data></Cell>
			<Cell><Data ss:Type="String">Hoàng</Data></Cell>
			<Cell><Data ss:Type="String">male</Data></Cell>
			<Cell><Data ss:Type="String">hoang.tieu_phi@gmail.com</Data></Cell>
			<Cell><Data ss:Type="Number">2013</Data></Cell>
			<Cell><Data ss:Type="String">20</Data></Cell>
			<Cell><Data ss:Type="String">Lạc Long Quân</Data></Cell>
			<Cell><Data ss:Type="String">Quận 11</Data></Cell>
			<Cell><Data ss:Type="String">HCM</Data></Cell>
			<Cell><Data ss:Type="Number"></Data></Cell>
		</Row>
		<Row>
			<Cell><Data ss:Type="String">1514002</Data></Cell>
			<Cell><Data ss:Type="String">Tiêu</Data></Cell>
			<Cell><Data ss:Type="String">Phi</Data></Cell>
			<Cell><Data ss:Type="String">Hùng</Data></Cell>
			<Cell><Data ss:Type="String">male</Data></Cell>
			<Cell><Data ss:Type="String">hung.tieu_phi@gmail.com</Data></Cell>
			<Cell><Data ss:Type="Number">2013</Data></Cell>
			<Cell><Data ss:Type="String">20</Data></Cell>
			<Cell><Data ss:Type="String">Lạc Long Quân</Data></Cell>
			<Cell><Data ss:Type="String">Quận 11</Data></Cell>
			<Cell><Data ss:Type="String">HCM</Data></Cell>
			<Cell><Data ss:Type="Number"></Data></Cell>
		</Row>
		<Row>
			<Cell><Data ss:Type="String">1514226</Data></Cell>
			<Cell><Data ss:Type="String">Đỗ</Data></Cell>
			<Cell><Data ss:Type="String">Gia</Data></Cell>
			<Cell><Data ss:Type="String">Minh</Data></Cell>
			<Cell><Data ss:Type="String">male</Data></Cell>
			<Cell><Data ss:Type="String">minh.do0201@hcmut.edu.vn</Data></Cell>
			<Cell><Data ss:Type="Number">1996</Data></Cell>
			<Cell><Data ss:Type="String">42/8B</Data></Cell>
			<Cell><Data ss:Type="String">ấp Mới 2 xã Trung Chánh</Data></Cell>
			<Cell><Data ss:Type="String">Huyện Hóc Môn</Data></Cell>
			<Cell><Data ss:Type="String">HCM</Data></Cell>
			<Cell><Data ss:Type="Number"></Data></Cell>
		</Row>
		<Row>
			<Cell><Data ss:Type="String">1611000</Data></Cell>
			<Cell><Data ss:Type="String">Vương</Data></Cell>
			<Cell><Data ss:Type="String">Phương</Data></Cell>
			<Cell><Data ss:Type="String">Linh</Data></Cell>
			<Cell><Data ss:Type="String">female</Data></Cell>
			<Cell><Data ss:Type="String">linh.vuong_1212@hcmut.edu.vn</Data></Cell>
			<Cell><Data ss:Type="Number">1998</Data></Cell>
			<Cell><Data ss:Type="String">65</Data></Cell>
			<Cell><Data ss:Type="String">Trường Chinh</Data></Cell>
			<Cell><Data ss:Type="String">Quận 10</Data></Cell>
			<Cell><Data ss:Type="String">HCM</Data></Cell>
			<Cell><Data ss:Type="Number"></Data></Cell>
		</Row>
		<Row>
			<Cell><Data ss:Type="String">1611204</Data></Cell>
			<Cell><Data ss:Type="String">Đinh</Data></Cell>
			<Cell><Data ss:Type="String">Gia</Data></Cell>
			<Cell><Data ss:Type="String">Bảo</Data></Cell>
			<Cell><Data ss:Type="String">male</Data></Cell>
			<Cell><Data ss:Type="String">bao.dinh_1900@hcmut.edu.vn</Data></Cell>
			<Cell><Data ss:Type="Number">1995</Data></Cell>
			<Cell><Data ss:Type="String">180</Data></Cell>
			<Cell><Data ss:Type="String">Lý Thường Kiệt</Data></Cell>
			<Cell><Data ss:Type="String">Quận 10</Data></Cell>
			<Cell><Data ss:Type="String">HCM</Data></Cell>
			<Cell><Data ss:Type="Number"></Data></Cell>
		</Row>
		<Row>
			<Cell><Data ss:Type="String">1611314</Data></Cell>
			<Cell><Data ss:Type="String">Hồ</Data></Cell>
			<Cell><Data ss:Type="String">Nguyễn Ngọc</Data></Cell>
			<Cell><Data ss:Type="String">Ánh</Data></Cell>
			<Cell><Data ss:Type="String">male</Data></Cell>
			<Cell><Data ss:Type="String">anh.nguyen_baby@hcmut.edu.vn</Data></Cell>
			<Cell><Data ss:Type="Number">1998</Data></Cell>
			<Cell><Data ss:Type="String">111</Data></Cell>
			<Cell><Data ss:Type="String">Thanh Xuân</Data></Cell>
			<Cell><Data ss:Type="String">Quận Thanh Xuân</Data></Cell>
			<Cell><Data ss:Type="String">Hà Nội</Data></Cell>
			<Cell><Data ss:Type="Number"></Data></Cell>
		</Row>
		<Row>
			<Cell><Data ss:Type="String">1612224</Data></Cell>
			<Cell><Data ss:Type="String">Trần</Data></Cell>
			<Cell><Data ss:Type="String">Phương</Data></Cell>
			<Cell><Data ss:Type="String">Thảo</Data></Cell>
			<Cell><Data ss:Type="String">female</Data></Cell>
			<Cell><Data ss:Type="String">thaophuong@gmail.com</Data></Cell>
			<Cell><Data ss:Type="Number">1995</Data></Cell>
			<Cell><Data ss:Type="String">149</Data></Cell>
			<Cell><Data ss:Type="String">Nguyễn Thái Học</Data></Cell>
			<Cell><Data ss:Type="String">Quận Ba Đình</Data></Cell>
			<Cell><Data ss:Type="String">Hà Nội</Data></Cell>
			<Cell><Data ss:Type="Number"></Data></Cell>
		</Row>
		<Row>
			<Cell><Data ss:Type="String">1623445</Data></Cell>
			<Cell><Data ss:Type="String">Vũ</Data></Cell>
			<Cell><Data ss:Type="String">Lê Hoàng</Data></Cell>
			<Cell><Data ss:Type="String">Tuấn</Data></Cell>
			<Cell><Data ss:Type="String">male</Data></Cell>
			<Cell><Data ss:Type="String">tuan.vu_le12@hcmut.edu.vn</Data></Cell>
			<Cell><Data ss:Type="Number">1998</Data></Cell>
			<Cell><Data ss:Type="String">32</Data></Cell>
			<Cell><Data ss:Type="String">Âu Cơ</Data></Cell>
			<Cell><Data ss:Type="String">Quận 11</Data></Cell>
			<Cell><Data ss:Type="String">HCM</Data></Cell>
			<Cell><Data ss:Type="Number"></Data></Cell>
		</Row>
		<Row>
			<Cell><Data ss:Type="String">1623558</Data></Cell>
			<Cell><Data ss:Type="String">Lý</Data></Cell>
			<Cell><Data ss:Type="String">Thanh</Data></Cell>
			<Cell><Data ss:Type="String">Thanh</Data></Cell>
			<Cell><Data ss:Type="String">female</Data></Cell>
			<Cell><Data ss:Type="String">thanh.ly_thanh@hcmut.edu.vn</Data></Cell>
			<Cell><Data ss:Type="Number">1998</Data></Cell>
			<Cell><Data ss:Type="String">52</Data></Cell>
			<Cell><Data ss:Type="String">Phạm Văn Đồng</Data></Cell>
			<Cell><Data ss:Type="String">Quận 9</Data></Cell>
			<Cell><Data ss:Type="String">HCM</Data></Cell>
			<Cell><Data ss:Type="Number"></Data></Cell>
		</Row>
		<Row>
			<Cell><Data ss:Type="String">1710512</Data></Cell>
			<Cell><Data ss:Type="String">Võ</Data></Cell>
			<Cell><Data ss:Type="String">Đình</Data></Cell>
			<Cell><Data ss:Type="String">Tùng</Data></Cell>
			<Cell><Data ss:Type="String">male</Data></Cell>
			<Cell><Data ss:Type="String">tung.vo_dinh@hcmut.edu.vn</Data></Cell>
			<Cell><Data ss:Type="Number">1999</Data></Cell>
			<Cell><Data ss:Type="String">66</Data></Cell>
			<Cell><Data ss:Type="String">Tô Ngọc Vân</Data></Cell>
			<Cell><Data ss:Type="String">Quận Thủ Đức</Data></Cell>
			<Cell><Data ss:Type="String">HCM</Data></Cell>
			<Cell><Data ss:Type="Number"></Data></Cell>
		</Row>
		<Row>
			<Cell><Data ss:Type="String">1711314</Data></Cell>
			<Cell><Data ss:Type="String">Trần</Data></Cell>
			<Cell><Data ss:Type="String">Lê</Data></Cell>
			<Cell><Data ss:Type="String">Trinh</Data></Cell>
			<Cell><Data ss:Type="String">female</Data></Cell>
			<Cell><Data ss:Type="String">trinh.tran_1912@hcmut.edu.vn</Data></Cell>
			<Cell><Data ss:Type="Number">1998</Data></Cell>
			<Cell><Data ss:Type="String">12/4A</Data></Cell>
			<Cell><Data ss:Type="String">ấp Mới 2 xã Trung Chánh</Data></Cell>
			<Cell><Data ss:Type="String">Huyện Hóc Môn</Data></Cell>
			<Cell><Data ss:Type="String">HCM</Data></Cell>
			<Cell><Data ss:Type="Number"></Data></Cell>
		</Row>
		<Row>
			<Cell><Data ss:Type="String">1712005</Data></Cell>
			<Cell><Data ss:Type="String">Trần</Data></Cell>
			<Cell><Data ss:Type="String">Thị</Data></Cell>
			<Cell><Data ss:Type="String">My</Data></Cell>
			<Cell><Data ss:Type="String">female</Data></Cell>
			<Cell><Data ss:Type="String">my.tran_mymy@hcmut.edu.vn</Data></Cell>
			<Cell><Data ss:Type="Number">1999</Data></Cell>
			<Cell><Data ss:Type="String">12/10S</Data></Cell>
			<Cell><Data ss:Type="String">ấp Chánh 1 xã Tân Xuân</Data></Cell>
			<Cell><Data ss:Type="String">Huyện Hóc Môn</Data></Cell>
			<Cell><Data ss:Type="String">HCM</Data></Cell>
			<Cell><Data ss:Type="Number"></Data></Cell>
		</Row>
		<Row>
			<Cell><Data ss:Type="String">1810227</Data></Cell>
			<Cell><Data ss:Type="String">Ngô</Data></Cell>
			<Cell><Data ss:Type="String">Văn</Data></Cell>
			<Cell><Data ss:Type="String">Linh</Data></Cell>
			<Cell><Data ss:Type="String">male</Data></Cell>
			<Cell><Data ss:Type="String">linh.ngo203@hcmut.edu.vn</Data></Cell>
			<Cell><Data ss:Type="Number">2004</Data></Cell>
			<Cell><Data ss:Type="String">32</Data></Cell>
			<Cell><Data ss:Type="String">Nguyễn Thái Học</Data></Cell>
			<Cell><Data ss:Type="String">Quận Ba Đình</Data></Cell>
			<Cell><Data ss:Type="String">Hà Nội</Data></Cell>
			<Cell><Data ss:Type="Number"></Data></Cell>
		</Row>
		<Row>
			<Cell><Data ss:Type="String">1810333</Data></Cell>
			<Cell><Data ss:Type="String">Hoàng</Data></Cell>
			<Cell><Data ss:Type="String">Văn Thanh</Data></Cell>
			<Cell><Data ss:Type="String">Hùng</Data></Cell>
			<Cell><Data ss:Type="String">male</Data></Cell>
			<Cell><Data ss:Type="String">hung.hoang@hcmut.edu.vn</Data></Cell>
			<Cell><Data ss:Type="Number">2002</Data></Cell>
			<Cell><Data ss:Type="String">101</Data></Cell>
			<Cell><Data ss:Type="String">Âu Cơ</Data></Cell>
			<Cell><Data ss:Type="String">Quận 11</Data></Cell>
			<Cell><Data ss:Type="String">HCM</Data></Cell>
			<Cell><Data ss:Type="Number"></Data></Cell>
		</Row>
		<Row>
			<Cell><Data ss:Type="String">1811314</Data></Cell>
			<Cell><Data ss:Type="String">Ngô</Data></Cell>
			<Cell><Data ss:Type="String">Nguyễn Hoàng</Data></Cell>
			<Cell><Data ss:Type="String">Khanh</Data></Cell>
			<Cell><Data ss:Type="String">female</Data></Cell>
			<Cell><Data ss:Type="String">Khanh.ngonguyen@hcmut.edu.vn</Data></Cell>
			<Cell><Data ss:Type="Number">2002</Data></Cell>
			<Cell><Data ss:Type="String">152</Data></Cell>
			<Cell><Data ss:Type="String">Phạm Văn Đồng</Data></Cell>
			<Cell><Data ss:Type="String">Quận Thủ Đức</Data></Cell>
			<Cell><Data ss:Type="String">HCM</Data></Cell>
			<Cell><Data ss:Type="Number"></Data></Cell>
		</Row>
		<Row>
			<Cell><Data ss:Type="String">1820566</Data></Cell>
			<Cell><Data ss:Type="String">Nguyễn</Data></Cell>
			<Cell><Data ss:Type="String">Lê Xuân</Data></Cell>
			<Cell><Data ss:Type="String">Yến</Data></Cell>
			<Cell><Data ss:Type="String">female</Data></Cell>
			<Cell><Data ss:Type="String">yen.lebaby@gmail.com</Data></Cell>
			<Cell><Data ss:Type="Number">2008</Data></Cell>
			<Cell><Data ss:Type="String">25/6B</Data></Cell>
			<Cell><Data ss:Type="String">ấp Mới 2 xã Trung Chánh</Data></Cell>
			<Cell><Data ss:Type="String">Huyện Hóc Môn</Data></Cell>
			<Cell><Data ss:Type="String">HCM</Data></Cell>
			<Cell><Data ss:Type="Number"></Data></Cell>
		</Row>
		<Row>
			<Cell><Data ss:Type="String">1845621</Data></Cell>
			<Cell><Data ss:Type="String">Hồ</Data></Cell>
			<Cell><Data ss:Type="String">Đình</Data></Cell>
			<Cell><Data ss:Type="String">Trình</Data></Cell>
			<Cell><Data ss:Type="String">male</Data></Cell>
			<Cell><Data ss:Type="String">trinh.ho_22@hcmut.edu.vn</Data></Cell>
			<Cell><Data ss:Type="Number">1998</Data></Cell>
			<Cell><Data ss:Type="String">152</Data></Cell>
			<Cell><Data ss:Type="String">Lý Thường Kiệt</Data></Cell>
			<Cell><Data ss:Type="String">Quận 10</Data></Cell>
			<Cell><Data ss:Type="String">HCM</Data></Cell>
			<Cell><Data ss:Type="Number"></Data></Cell>
		</Row>
		<Row>
			<Cell><Data ss:Type="String">1910448</Data></Cell>
			<Cell><Data ss:Type="String">Lê</Data></Cell>
			<Cell><Data ss:Type="String">Bình</Data></Cell>
			<Cell><Data ss:Type="String">An</Data></Cell>
			<Cell><Data ss:Type="String">male</Data></Cell>
			<Cell><Data ss:Type="String">an.le2k4@gmail.com</Data></Cell>
			<Cell><Data ss:Type="Number">2004</Data></Cell>
			<Cell><Data ss:Type="String">20A</Data></Cell>
			<Cell><Data ss:Type="String">đường M</Data></Cell>
			<Cell><Data ss:Type="String">Quận Thủ Đức</Data></Cell>
			<Cell><Data ss:Type="String">HCM</Data></Cell>
			<Cell><Data ss:Type="Number"></Data></Cell>
		</Row>
		<Row>
			<Cell><Data ss:Type="String">1910666</Data></Cell>
			<Cell><Data ss:Type="String">Trần</Data></Cell>
			<Cell><Data ss:Type="String">Trung</Data></Cell>
			<Cell><Data ss:Type="String">Tuấn</Data></Cell>
			<Cell><Data ss:Type="String">male</Data></Cell>
			<Cell><Data ss:Type="String">tuan.traniubo@hcmut.edu.vn</Data></Cell>
			<Cell><Data ss:Type="Number">2001</Data></Cell>
			<Cell><Data ss:Type="String">287</Data></Cell>
			<Cell><Data ss:Type="String">Ô Chợ Dừa</Data></Cell>
			<Cell><Data ss:Type="String">Quận Hai Bà Trưng</Data></Cell>
			<Cell><Data ss:Type="String">Hà Nội</Data></Cell>
			<Cell><Data ss:Type="Number"></Data></Cell>
		</Row>
		<Row>
			<Cell><Data ss:Type="String">1911314</Data></Cell>
			<Cell><Data ss:Type="String">Lê</Data></Cell>
			<Cell><Data ss:Type="String">Hoàng</Data></Cell>
			<Cell><Data ss:Type="String">Linh</Data></Cell>
			<Cell><Data ss:Type="String">male</Data></Cell>
			<Cell><Data ss:Type="String">linh.nguyen0201@hcmut.edu.vn</Data></Cell>
			<Cell><Data ss:Type="Number">2001</Data></Cell>
			<Cell><Data ss:Type="String">50</Data></Cell>
			<Cell><Data ss:Type="String">Tô Ngọc Vân</Data></Cell>
			<Cell><Data ss:Type="String">Quận Thủ Đức</Data></Cell>
			<Cell><Data ss:Type="String">HCM</Data></Cell>
			<Cell><Data ss:Type="Number"></Data></Cell>
		</Row>
		<Row>
			<Cell><Data ss:Type="String">1911704</Data></Cell>
			<Cell><Data ss:Type="String">Nguyễn</Data></Cell>
			<Cell><Data ss:Type="String">Thủy</Data></Cell>
			<Cell><Data ss:Type="String">Ngọc</Data></Cell>
			<Cell><Data ss:Type="String">female</Data></Cell>
			<Cell><Data ss:Type="String">ngoc.nguyen1711@hcmut.edu.vn</Data></Cell>
			<Cell><Data ss:Type="Number">2001</Data></Cell>
			<Cell><Data ss:Type="String">127</Data></Cell>
			<Cell><Data ss:Type="String">Lạc Long Quân</Data></Cell>
			<Cell><Data ss:Type="String">Quận 11</Data></Cell>
			<Cell><Data ss:Type="String">HCM</Data></Cell>
			<Cell><Data ss:Type="Number"></Data></Cell>
		</Row>
		<Row>
			<Cell><Data ss:Type="String">1911837</Data></Cell>
			<Cell><Data ss:Type="String">Chung</Data></Cell>
			<Cell><Data ss:Type="String">Đông</Data></Cell>
			<Cell><Data ss:Type="String">Phong</Data></Cell>
			<Cell><Data ss:Type="String">male</Data></Cell>
			<Cell><Data ss:Type="String">phong.chungdopo@hcmut.edu.vn</Data></Cell>
			<Cell><Data ss:Type="Number">2001</Data></Cell>
			<Cell><Data ss:Type="String">187</Data></Cell>
			<Cell><Data ss:Type="String">Phạm Văn Đồng</Data></Cell>
			<Cell><Data ss:Type="String">Quận 9</Data></Cell>
			<Cell><Data ss:Type="String">HCM</Data></Cell>
			<Cell><Data ss:Type="Number"></Data></Cell>
		</Row>
		<Row>
			<Cell><Data ss:Type="String">1911900</Data></Cell>
			<Cell><Data ss:Type="String">Đinh</Data></Cell>
			<Cell><Data ss:Type="String">Gia</Data></Cell>
			<Cell><Data ss:Type="String">Quang</Data></Cell>
			<Cell><Data ss:Type="String">male</Data></Cell>
			<Cell><Data ss:Type="String">quang.dinhleaktb@hcmut.edu.vn</Data></Cell>
			<Cell><Data ss:Type="Number">2000</Data></Cell>
			<Cell><Data ss:Type="String">52A</Data></Cell>
			<Cell><Data ss:Type="String">Phạm Văn Đồng</Data></Cell>
			<Cell><Data ss:Type="String">Quận Thủ Đức</Data></Cell>
			<Cell><Data ss:Type="String">HCM</Data></Cell>
			<Cell><Data ss:Type="Number"></Data></Cell>
		</Row>
		<Row>
			<Cell><Data ss:Type="String">1912123</Data></Cell>
			<Cell><Data ss:Type="String">Lê</Data></Cell>
			<Cell><Data ss:Type="String">Trần Hoàng</Data></Cell>
			<Cell><Data ss:Type="String">Thịnh</Data></Cell>
			<Cell><Data ss:Type="String">male</Data></Cell>
			<Cell><Data ss:Type="String">thinh.lebkuhcm@hcmut.edu.vn</Data></Cell>
			<Cell><Data ss:Type="Number">2001</Data></Cell>
			<Cell><Data ss:Type="String">34B</Data></Cell>
			<Cell><Data ss:Type="String">Lý Thường Kiệt</Data></Cell>
			<Cell><Data ss:Type="String">Quận 10</Data></Cell>
			<Cell><Data ss:Type="String">HCM</Data></Cell>
			<Cell><Data ss:Type="Number"></Data></Cell>
		</Row>
		<Row>
			<Cell><Data ss:Type="String">1912140</Data></Cell>
			<Cell><Data ss:Type="String">Lê</Data></Cell>
			<Cell><Data ss:Type="String">Nguyễn Bảo</Data></Cell>
			<Cell><Data ss:Type="String">Linh</Data></Cell>
			<Cell><Data ss:Type="String">female</Data></Cell>
			<Cell><Data ss:Type="String">linh.le_nguyen@hcmut.edu.vn</Data></Cell>
			<Cell><Data ss:Type="Number">2001</Data></Cell>
			<Cell><Data ss:Type="String">12</Data></Cell>
			<Cell><Data ss:Type="String">Thanh Xuân</Data></Cell>
			<Cell><Data ss:Type="String">Quận Thanh Xuân</Data></Cell>
			<Cell><Data ss:Type="String">Hà Nội</Data></Cell>
			<Cell><Data ss:Type="Number"></Data></Cell>
		</Row>
		<Row>
			<Cell><Data ss:Type="String">1912190</Data></Cell>
			<Cell><Data ss:Type="String">Nguyễn</Data></Cell>
			<Cell><Data ss:Type="String">Mai</Data></Cell>
			<Cell><Data ss:Type="String">Thy</Data></Cell>
			<Cell><Data ss:Type="String">female</Data></Cell>
			<Cell><Data ss:Type="String">thy.nguyen_cloudy@hcmut.edu.vn</Data></Cell>
			<Cell><Data ss:Type="Number">2001</Data></Cell>
			<Cell><Data ss:Type="String">24/5R</Data></Cell>
			<Cell><Data ss:Type="String">ấp Mới 1 xã Tân Xuân</Data></Cell>
			<Cell><Data ss:Type="String">Huyện Hóc Môn</Data></Cell>
			<Cell><Data ss:Type="String">HCM</Data></Cell>
			<Cell><Data ss:Type="Number"></Data></Cell>
		</Row>
		<Row>
			<Cell><Data ss:Type="String">1912322</Data></Cell>
			<Cell><Data ss:Type="String">Hà</Data></Cell>
			<Cell><Data ss:Type="String">Minh</Data></Cell>
			<Cell><Data ss:Type="String">Mẫn</Data></Cell>
			<Cell><Data ss:Type="String">male</Data></Cell>
			<Cell><Data ss:Type="String">man.hahaha@gmail.com</Data></Cell>
			<Cell><Data ss:Type="Number">2012</Data></Cell>
			<Cell><Data ss:Type="String">156</Data></Cell>
			<Cell><Data ss:Type="String">Nguyễn Thị Minh Khai</Data></Cell>
			<Cell><Data ss:Type="String">Quận 10</Data></Cell>
			<Cell><Data ss:Type="String">HCM</Data></Cell>
			<Cell><Data ss:Type="Number"></Data></Cell>
		</Row>
		<Row>
			<Cell><Data ss:Type="String">1915888</Data></Cell>
			<Cell><Data ss:Type="String">Tiêu</Data></Cell>
			<Cell><Data ss:Type="String">Thanh Ngọc</Data></Cell>
			<Cell><Data ss:Type="String">Lệ</Data></Cell>
			<Cell><Data ss:Type="String">female</Data></Cell>
			<Cell><Data ss:Type="String">le.tieu_thanh@hcmut.edu.vn</Data></Cell>
			<Cell><Data ss:Type="Number">2001</Data></Cell>
			<Cell><Data ss:Type="String">63</Data></Cell>
			<Cell><Data ss:Type="String">Lạc Long Quân</Data></Cell>
			<Cell><Data ss:Type="String">Quận 11</Data></Cell>
			<Cell><Data ss:Type="String">HCM</Data></Cell>
			<Cell><Data ss:Type="Number"></Data></Cell>
		</Row>
		<Row>
			<Cell><Data ss:Type="String">2011314</Data></Cell>
			<Cell><Data ss:Type="String">Lê</Data></Cell>
			<Cell><Data ss:Type="String">Nguyễn Hoàng</Data></Cell>
			<Cell><Data ss:Type="String">Minh</Data></Cell>
			<Cell><Data ss:Type="String">male</Data></Cell>
			<Cell><Data ss:Type="String">minh.nguyen0201@hcmut.edu.vn</Data></Cell>
			<Cell><Data ss:Type="Number">2002</Data></Cell>
			<Cell><Data ss:Type="String">152</Data></Cell>
			<Cell><Data ss:Type="String">Tô Ngọc Vân</Data></Cell>
			<Cell><Data ss:Type="String">Quận Thủ Đức</Data></Cell>
			<Cell><Data ss:Type="String">HCM</Data></Cell>
			<Cell><Data ss:Type="Number"></Data></Cell>
		</Row>
		<Row>
			<Cell><Data ss:Type="String">2012222</Data></Cell>
			<Cell><Data ss:Type="String">Hoàng</Data></Cell>
			<Cell><Data ss:Type="String">Văn</Data></Cell>
			<Cell><Data ss:Type="String">Tình</Data></Cell>
			<Cell><Data ss:Type="String">male</Data></Cell>
			<Cell><Data ss:Type="String">tinh.hoang1208@hcmut.edu.vn</Data></Cell>
			<Cell><Data ss:Type="Number">2002</Data></Cell>
			<Cell><Data ss:Type="String">125</Data></Cell>
			<Cell><Data ss:Type="String">Lý Thường Kiệt</Data></Cell>
			<Cell><Data ss:Type="String">Quận 10</Data></Cell>
			<Cell><Data ss:Type="String">HCM</Data></Cell>
			<Cell><Data ss:Type="Number"></Data></Cell>
		</Row>
		<Row>
			<Cell><Data ss:Type="String">2013666</Data></Cell>
			<Cell><Data ss:Type="String">Lê</Data></Cell>
			<Cell><Data ss:Type="String">Nguyễn Bảo</Data></Cell>
			<Cell><Data ss:Type="String">Ngọc</Data></Cell>
			<Cell><Data ss:Type="String">female</Data></Cell>
			<Cell><Data ss:Type="String">ngoc.le_nguyen@hcmut.edu.vn</Data></Cell>
			<Cell><Data ss:Type="Number">2003</Data></Cell>
			<Cell><Data ss:Type="String">12</Data></Cell>
			<Cell><Data ss:Type="String">Tô Ngọc Vân</Data></Cell>
			<Cell><Data ss:Type="String">Quận Thủ Đức</Data></Cell>
			<Cell><Data ss:Type="String">HCM</Data></Cell>
			<Cell><Data ss:Type="Number"></Data></Cell>
		</Row>
		<Row>
			<Cell><Data ss:Type="String">2016555</Data></Cell>
			<Cell><Data ss:Type="String">Hoàng</Data></Cell>
			<Cell><Data ss:Type="String">Thị Lệ</Data></Cell>
			<Cell><Data ss:Type="String">Trân</Data></Cell>
			<Cell><Data ss:Type="String">female</Data></Cell>
			<Cell><Data ss:Type="String">tran.hoang@hcmut.edu.vn</Data></Cell>
			<Cell><Data ss:Type="Number">2000</Data></Cell>
			<Cell><Data ss:Type="String">201</Data></Cell>
			<Cell><Data ss:Type="String">Cộng Hòa</Data></Cell>
			<Cell><Data ss:Type="String">Quận 10</Data></Cell>
			<Cell><Data ss:Type="String">HCM</Data></Cell>
			<Cell><Data ss:Type="Number"></Data></Cell>
		</Row>
		<Row>
			<Cell><Data ss:Type="String">2111314</Data></Cell>
			<Cell><Data ss:Type="String">Huỳnh</Data></Cell>
			<Cell><Data ss:Type="String">Nguyễn Hoàng</Data></Cell>
			<Cell><Data ss:Type="String">Hinh</Data></Cell>
			<Cell><Data ss:Type="String">male</Data></Cell>
			<Cell><Data ss:Type="String">hinh.huynh1214@hcmut.edu.vn</Data></Cell>
			<Cell><Data ss:Type="Number">1999</Data></Cell>
			<Cell><Data ss:Type="String">36</Data></Cell>
			<Cell><Data ss:Type="String">Nguyễn Thái Học</Data></Cell>
			<Cell><Data ss:Type="String">Quận Ba Đình</Data></Cell>
			<Cell><Data ss:Type="String">Hà Nội</Data></Cell>
			<Cell><Data ss:Type="Number"></Data></Cell>
		</Row>	</Table>
</Worksheet>
</Workbook>
