<?xml version="1.0" encoding="UTF-8"?>
<?mso-application progid="Excel.Sheet"?>
<Workbook xmlns="urn:schemas-microsoft-com:office:spreadsheet"
xmlns:o="urn:schemas-microsoft-com:office:office"
xmlns:x="urn:schemas-microsoft-com:office:excel"
xmlns:ss="urn:schemas-microsoft-com:office:spreadsheet"
xmlns:html="http://www.w3.org/TR/REC-html40">
<Worksheet ss:Name="Table1">
	<Table>
		<Column ss:Index="1" ss:AutoFitWidth="0" ss:Width="110"/>
		<Column ss:Index="2" ss:AutoFitWidth="0" ss:Width="110"/>
		<Column ss:Index="3" ss:AutoFitWidth="0" ss:Width="110"/>
		<Row>
			<Cell><Data ss:Type="String">Muctieu</Data></Cell>
			<Cell><Data ss:Type="String">Loaichungchi</Data></Cell>
			<Cell><Data ss:Type="String">khoahocMaKH</Data></Cell>
		</Row>

		<Row>
			<Cell><Data ss:Type="String">6.0</Data></Cell>
			<Cell><Data ss:Type="String">IELTS</Data></Cell>
			<Cell><Data ss:Type="String">OT001</Data></Cell>
		</Row>
		<Row>
			<Cell><Data ss:Type="String">6.5</Data></Cell>
			<Cell><Data ss:Type="String">IELTS</Data></Cell>
			<Cell><Data ss:Type="String">OT002</Data></Cell>
		</Row>
		<Row>
			<Cell><Data ss:Type="String">7.0</Data></Cell>
			<Cell><Data ss:Type="String">IELTS</Data></Cell>
			<Cell><Data ss:Type="String">OT003</Data></Cell>
		</Row>
		<Row>
			<Cell><Data ss:Type="String">8.0</Data></Cell>
			<Cell><Data ss:Type="String">IELTS</Data></Cell>
			<Cell><Data ss:Type="String">OT004</Data></Cell>
		</Row>
		<Row>
			<Cell><Data ss:Type="String">600</Data></Cell>
			<Cell><Data ss:Type="String">TOEIC</Data></Cell>
			<Cell><Data ss:Type="String">OT005</Data></Cell>
		</Row>
		<Row>
			<Cell><Data ss:Type="String">700</Data></Cell>
			<Cell><Data ss:Type="String">TOEIC</Data></Cell>
			<Cell><Data ss:Type="String">OT006</Data></Cell>
		</Row>
		<Row>
			<Cell><Data ss:Type="String">800</Data></Cell>
			<Cell><Data ss:Type="String">TOEIC</Data></Cell>
			<Cell><Data ss:Type="String">OT007</Data></Cell>
		</Row>	</Table>
</Worksheet>
</Workbook>
