<?xml version="1.0" encoding="UTF-8"?>
<?mso-application progid="Excel.Sheet"?>
<Workbook xmlns="urn:schemas-microsoft-com:office:spreadsheet"
xmlns:o="urn:schemas-microsoft-com:office:office"
xmlns:x="urn:schemas-microsoft-com:office:excel"
xmlns:ss="urn:schemas-microsoft-com:office:spreadsheet"
xmlns:html="http://www.w3.org/TR/REC-html40">
<Worksheet ss:Name="Table1">
	<Table>
		<Column ss:Index="1" ss:AutoFitWidth="0" ss:Width="110"/>
		<Column ss:Index="2" ss:AutoFitWidth="0" ss:Width="110"/>
		<Row>
			<Cell><Data ss:Type="String">Phanloai</Data></Cell>
			<Cell><Data ss:Type="String">khoahocMaKH</Data></Cell>
		</Row>

		<Row>
			<Cell><Data ss:Type="String">Tiếng Anh Giao Tiếp</Data></Cell>
			<Cell><Data ss:Type="String">KN001</Data></Cell>
		</Row>
		<Row>
			<Cell><Data ss:Type="String">Tiếng Anh Doanh Nghiệp</Data></Cell>
			<Cell><Data ss:Type="String">KN002</Data></Cell>
		</Row>
		<Row>
			<Cell><Data ss:Type="String">Tiếng Anh Giao Tiếp</Data></Cell>
			<Cell><Data ss:Type="String">KN003</Data></Cell>
		</Row>
		<Row>
			<Cell><Data ss:Type="String">Tiếng Anh Cơ Bản</Data></Cell>
			<Cell><Data ss:Type="String">KN004</Data></Cell>
		</Row>	</Table>
</Worksheet>
</Workbook>
