<?xml version="1.0" encoding="UTF-8"?>
<?mso-application progid="Excel.Sheet"?>
<Workbook xmlns="urn:schemas-microsoft-com:office:spreadsheet"
xmlns:o="urn:schemas-microsoft-com:office:office"
xmlns:x="urn:schemas-microsoft-com:office:excel"
xmlns:ss="urn:schemas-microsoft-com:office:spreadsheet"
xmlns:html="http://www.w3.org/TR/REC-html40">
<Worksheet ss:Name="Table1">
	<Table>
		<Column ss:Index="1" ss:AutoFitWidth="0" ss:Width="110"/>
		<Column ss:Index="2" ss:AutoFitWidth="0" ss:Width="110"/>
		<Column ss:Index="3" ss:AutoFitWidth="0" ss:Width="110"/>
		<Column ss:Index="5" ss:AutoFitWidth="0" ss:Width="110"/>
		<Column ss:Index="6" ss:AutoFitWidth="0" ss:Width="110"/>
		<Row>
			<Cell><Data ss:Type="String">MaLH</Data></Cell>
			<Cell><Data ss:Type="String">Ngaybatdau</Data></Cell>
			<Cell><Data ss:Type="String">Ngayketthuc</Data></Cell>
			<Cell><Data ss:Type="String">Siso</Data></Cell>
			<Cell><Data ss:Type="String">chinhanhMaCN</Data></Cell>
			<Cell><Data ss:Type="String">khoahocMaKH</Data></Cell>
		</Row>

		<Row>
			<Cell><Data ss:Type="String">KN001_L01</Data></Cell>
			<Cell><Data ss:Type="String">2021-09-27 15:00:00</Data></Cell>
			<Cell><Data ss:Type="String">2021-12-19 15:00:00</Data></Cell>
			<Cell><Data ss:Type="Number">7</Data></Cell>
			<Cell><Data ss:Type="String">HN001</Data></Cell>
			<Cell><Data ss:Type="String">KN001</Data></Cell>
		</Row>
		<Row>
			<Cell><Data ss:Type="String">KN001_L02</Data></Cell>
			<Cell><Data ss:Type="String">2020-09-27 15:00:00</Data></Cell>
			<Cell><Data ss:Type="String">2020-12-19 15:00:00</Data></Cell>
			<Cell><Data ss:Type="Number">5</Data></Cell>
			<Cell><Data ss:Type="String">BD001</Data></Cell>
			<Cell><Data ss:Type="String">KN001</Data></Cell>
		</Row>
		<Row>
			<Cell><Data ss:Type="String">KN002_L05</Data></Cell>
			<Cell><Data ss:Type="String">2021-11-08 15:00:00</Data></Cell>
			<Cell><Data ss:Type="String">2022-01-17 15:00:00</Data></Cell>
			<Cell><Data ss:Type="Number">0</Data></Cell>
			<Cell><Data ss:Type="String">HCM015</Data></Cell>
			<Cell><Data ss:Type="String">KN002</Data></Cell>
		</Row>
		<Row>
			<Cell><Data ss:Type="String">KN003_L03</Data></Cell>
			<Cell><Data ss:Type="String">2021-09-27 15:00:00</Data></Cell>
			<Cell><Data ss:Type="String">2021-12-05 15:00:00</Data></Cell>
			<Cell><Data ss:Type="Number">5</Data></Cell>
			<Cell><Data ss:Type="String">HCM015</Data></Cell>
			<Cell><Data ss:Type="String">KN003</Data></Cell>
		</Row>
		<Row>
			<Cell><Data ss:Type="String">KN004_L01</Data></Cell>
			<Cell><Data ss:Type="String">2020-11-01 15:00:00</Data></Cell>
			<Cell><Data ss:Type="String">2020-12-12 15:00:00</Data></Cell>
			<Cell><Data ss:Type="Number">9</Data></Cell>
			<Cell><Data ss:Type="String">HCM010</Data></Cell>
			<Cell><Data ss:Type="String">KN004</Data></Cell>
		</Row>
		<Row>
			<Cell><Data ss:Type="String">OT001_L01</Data></Cell>
			<Cell><Data ss:Type="String">2021-09-27 15:00:00</Data></Cell>
			<Cell><Data ss:Type="String">2021-12-19 15:00:00</Data></Cell>
			<Cell><Data ss:Type="Number">7</Data></Cell>
			<Cell><Data ss:Type="String">HCM009</Data></Cell>
			<Cell><Data ss:Type="String">OT001</Data></Cell>
		</Row>
		<Row>
			<Cell><Data ss:Type="String">OT001_L02</Data></Cell>
			<Cell><Data ss:Type="String">2021-09-27 15:00:00</Data></Cell>
			<Cell><Data ss:Type="String">2021-12-19 15:00:00</Data></Cell>
			<Cell><Data ss:Type="Number">9</Data></Cell>
			<Cell><Data ss:Type="String">HCM009</Data></Cell>
			<Cell><Data ss:Type="String">OT001</Data></Cell>
		</Row>
		<Row>
			<Cell><Data ss:Type="String">OT002_L01</Data></Cell>
			<Cell><Data ss:Type="String">2020-09-13 15:00:00</Data></Cell>
			<Cell><Data ss:Type="String">2020-12-26 15:00:00</Data></Cell>
			<Cell><Data ss:Type="Number">5</Data></Cell>
			<Cell><Data ss:Type="String">BD001</Data></Cell>
			<Cell><Data ss:Type="String">OT002</Data></Cell>
		</Row>
		<Row>
			<Cell><Data ss:Type="String">OT002_L02</Data></Cell>
			<Cell><Data ss:Type="String">2020-09-13 15:00:00</Data></Cell>
			<Cell><Data ss:Type="String">2020-12-26 15:00:00</Data></Cell>
			<Cell><Data ss:Type="Number">5</Data></Cell>
			<Cell><Data ss:Type="String">BD001</Data></Cell>
			<Cell><Data ss:Type="String">OT002</Data></Cell>
		</Row>
		<Row>
			<Cell><Data ss:Type="String">OT003_L01</Data></Cell>
			<Cell><Data ss:Type="String">2021-11-08 15:00:00</Data></Cell>
			<Cell><Data ss:Type="String">2022-01-30 15:00:00</Data></Cell>
			<Cell><Data ss:Type="Number">0</Data></Cell>
			<Cell><Data ss:Type="String">HCM009</Data></Cell>
			<Cell><Data ss:Type="String">OT003</Data></Cell>
		</Row>
		<Row>
			<Cell><Data ss:Type="String">OT003_L02</Data></Cell>
			<Cell><Data ss:Type="String">2021-11-08 15:00:00</Data></Cell>
			<Cell><Data ss:Type="String">2022-01-30 15:00:00</Data></Cell>
			<Cell><Data ss:Type="Number">0</Data></Cell>
			<Cell><Data ss:Type="String">HCM009</Data></Cell>
			<Cell><Data ss:Type="String">OT003</Data></Cell>
		</Row>
		<Row>
			<Cell><Data ss:Type="String">OT003_L03</Data></Cell>
			<Cell><Data ss:Type="String">2021-11-08 15:00:00</Data></Cell>
			<Cell><Data ss:Type="String">2022-01-30 15:00:00</Data></Cell>
			<Cell><Data ss:Type="Number">0</Data></Cell>
			<Cell><Data ss:Type="String">HCM009</Data></Cell>
			<Cell><Data ss:Type="String">OT003</Data></Cell>
		</Row>
		<Row>
			<Cell><Data ss:Type="String">OT004_L05</Data></Cell>
			<Cell><Data ss:Type="String">2021-11-08 15:00:00</Data></Cell>
			<Cell><Data ss:Type="String">2022-03-14 15:00:00</Data></Cell>
			<Cell><Data ss:Type="Number">0</Data></Cell>
			<Cell><Data ss:Type="String">HCM009</Data></Cell>
			<Cell><Data ss:Type="String">OT004</Data></Cell>
		</Row>
		<Row>
			<Cell><Data ss:Type="String">TN001_L05</Data></Cell>
			<Cell><Data ss:Type="String">2021-11-08 15:00:00</Data></Cell>
			<Cell><Data ss:Type="String">2022-02-21 15:00:00</Data></Cell>
			<Cell><Data ss:Type="Number">0</Data></Cell>
			<Cell><Data ss:Type="String">HCM014</Data></Cell>
			<Cell><Data ss:Type="String">TN001</Data></Cell>
		</Row>
		<Row>
			<Cell><Data ss:Type="String">TNH001_L01</Data></Cell>
			<Cell><Data ss:Type="String">2021-08-23 15:00:00</Data></Cell>
			<Cell><Data ss:Type="String">2021-12-26 15:00:00</Data></Cell>
			<Cell><Data ss:Type="Number">10</Data></Cell>
			<Cell><Data ss:Type="String">HCM014</Data></Cell>
			<Cell><Data ss:Type="String">TNH001</Data></Cell>
		</Row>
		<Row>
			<Cell><Data ss:Type="String">TNH001_L02</Data></Cell>
			<Cell><Data ss:Type="String">2020-08-23 15:00:00</Data></Cell>
			<Cell><Data ss:Type="String">2020-12-26 15:00:00</Data></Cell>
			<Cell><Data ss:Type="Number">5</Data></Cell>
			<Cell><Data ss:Type="String">BD001</Data></Cell>
			<Cell><Data ss:Type="String">TNH001</Data></Cell>
		</Row>
		<Row>
			<Cell><Data ss:Type="String">TNH002_L05</Data></Cell>
			<Cell><Data ss:Type="String">2021-11-08 15:00:00</Data></Cell>
			<Cell><Data ss:Type="String">2022-02-21 15:00:00</Data></Cell>
			<Cell><Data ss:Type="Number">0</Data></Cell>
			<Cell><Data ss:Type="String">HN002</Data></Cell>
			<Cell><Data ss:Type="String">TNH002</Data></Cell>
		</Row>	</Table>
</Worksheet>
</Workbook>
