<?xml version="1.0" encoding="UTF-8"?>
<?mso-application progid="Excel.Sheet"?>
<Workbook xmlns="urn:schemas-microsoft-com:office:spreadsheet"
xmlns:o="urn:schemas-microsoft-com:office:office"
xmlns:x="urn:schemas-microsoft-com:office:excel"
xmlns:ss="urn:schemas-microsoft-com:office:spreadsheet"
xmlns:html="http://www.w3.org/TR/REC-html40">
<Worksheet ss:Name="Table1">
	<Table>
		<Column ss:Index="1" ss:AutoFitWidth="0" ss:Width="110"/>
		<Column ss:Index="2" ss:AutoFitWidth="0" ss:Width="110"/>
		<Row>
			<Cell><Data ss:Type="String">Ngoaikhoa</Data></Cell>
			<Cell><Data ss:Type="String">khoathieunhiKhoahoc</Data></Cell>
		</Row>

		<Row>
			<Cell><Data ss:Type="String">Bé vào bếp</Data></Cell>
			<Cell><Data ss:Type="String">TNH001</Data></Cell>
		</Row>
		<Row>
			<Cell><Data ss:Type="String">Tham quan thảo cầm viên</Data></Cell>
			<Cell><Data ss:Type="String">TNH001</Data></Cell>
		</Row>
		<Row>
			<Cell><Data ss:Type="String">Bé làm ngôi sao</Data></Cell>
			<Cell><Data ss:Type="String">TNH002</Data></Cell>
		</Row>
		<Row>
			<Cell><Data ss:Type="String">Ngày hội trồng cây</Data></Cell>
			<Cell><Data ss:Type="String">TNH002</Data></Cell>
		</Row>
		<Row>
			<Cell><Data ss:Type="String">Tham quan bảo tàng</Data></Cell>
			<Cell><Data ss:Type="String">TNH002</Data></Cell>
		</Row>
		<Row>
			<Cell><Data ss:Type="String">Đêm trại gắn kết</Data></Cell>
			<Cell><Data ss:Type="String">TNH003</Data></Cell>
		</Row>
		<Row>
			<Cell><Data ss:Type="String">Thi tài hội họa</Data></Cell>
			<Cell><Data ss:Type="String">TNH003</Data></Cell>
		</Row>
		<Row>
			<Cell><Data ss:Type="String">Thử tài làm gốm</Data></Cell>
			<Cell><Data ss:Type="String">TNH003</Data></Cell>
		</Row>	</Table>
</Worksheet>
</Workbook>
