<?xml version="1.0" encoding="UTF-8"?>
<?mso-application progid="Excel.Sheet"?>
<Workbook xmlns="urn:schemas-microsoft-com:office:spreadsheet"
xmlns:o="urn:schemas-microsoft-com:office:office"
xmlns:x="urn:schemas-microsoft-com:office:excel"
xmlns:ss="urn:schemas-microsoft-com:office:spreadsheet"
xmlns:html="http://www.w3.org/TR/REC-html40">
<Worksheet ss:Name="Table1">
	<Table>
		<Column ss:Index="1" ss:AutoFitWidth="0" ss:Width="110"/>
		<Column ss:Index="2" ss:AutoFitWidth="0" ss:Width="110"/>
		<Column ss:Index="3" ss:AutoFitWidth="0" ss:Width="110"/>
		<Column ss:Index="4" ss:AutoFitWidth="0" ss:Width="110"/>
		<Column ss:Index="6" ss:AutoFitWidth="0" ss:Width="110"/>
		<Column ss:Index="7" ss:AutoFitWidth="0" ss:Width="110"/>
		<Column ss:Index="8" ss:AutoFitWidth="0" ss:Width="110"/>
		<Row>
			<Cell><Data ss:Type="String">MaNV</Data></Cell>
			<Cell><Data ss:Type="String">Ho</Data></Cell>
			<Cell><Data ss:Type="String">Tendem</Data></Cell>
			<Cell><Data ss:Type="String">Ten</Data></Cell>
			<Cell><Data ss:Type="String">Namsinh</Data></Cell>
			<Cell><Data ss:Type="String">Gioitinh</Data></Cell>
			<Cell><Data ss:Type="String">Email</Data></Cell>
			<Cell><Data ss:Type="String">Sodienthoai</Data></Cell>
		</Row>

		<Row>
			<Cell><Data ss:Type="String">GV001</Data></Cell>
			<Cell><Data ss:Type="String">Nguyễn</Data></Cell>
			<Cell><Data ss:Type="String">Huyền</Data></Cell>
			<Cell><Data ss:Type="String">Trang</Data></Cell>
			<Cell><Data ss:Type="Number">1992</Data></Cell>
			<Cell><Data ss:Type="String">female</Data></Cell>
			<Cell><Data ss:Type="String">trang.nguyen_huyen@gmail.com</Data></Cell>
			<Cell><Data ss:Type="String">0945112451</Data></Cell>
		</Row>
		<Row>
			<Cell><Data ss:Type="String">GV002</Data></Cell>
			<Cell><Data ss:Type="String">Lê</Data></Cell>
			<Cell><Data ss:Type="String">Thanh</Data></Cell>
			<Cell><Data ss:Type="String">Vân</Data></Cell>
			<Cell><Data ss:Type="Number">1993</Data></Cell>
			<Cell><Data ss:Type="String">female</Data></Cell>
			<Cell><Data ss:Type="String">van.le_thanh@gmail.com</Data></Cell>
			<Cell><Data ss:Type="String">0984123546</Data></Cell>
		</Row>
		<Row>
			<Cell><Data ss:Type="String">GV003</Data></Cell>
			<Cell><Data ss:Type="String">Nguyễn</Data></Cell>
			<Cell><Data ss:Type="String">Ngọc Bảo</Data></Cell>
			<Cell><Data ss:Type="String">Duy</Data></Cell>
			<Cell><Data ss:Type="Number">1989</Data></Cell>
			<Cell><Data ss:Type="String">male</Data></Cell>
			<Cell><Data ss:Type="String">duy.nguyennb@gmail.com</Data></Cell>
			<Cell><Data ss:Type="String">0935142178</Data></Cell>
		</Row>
		<Row>
			<Cell><Data ss:Type="String">GV004</Data></Cell>
			<Cell><Data ss:Type="String">Mai</Data></Cell>
			<Cell><Data ss:Type="String">Hoàng</Data></Cell>
			<Cell><Data ss:Type="String">Trâm</Data></Cell>
			<Cell><Data ss:Type="Number">1988</Data></Cell>
			<Cell><Data ss:Type="String">female</Data></Cell>
			<Cell><Data ss:Type="String">tram_bao@gmail.com</Data></Cell>
			<Cell><Data ss:Type="String">0954152588</Data></Cell>
		</Row>
		<Row>
			<Cell><Data ss:Type="String">GV005</Data></Cell>
			<Cell><Data ss:Type="String">Hồ</Data></Cell>
			<Cell><Data ss:Type="String">Trần Ngọc</Data></Cell>
			<Cell><Data ss:Type="String">Nguyên</Data></Cell>
			<Cell><Data ss:Type="Number">1989</Data></Cell>
			<Cell><Data ss:Type="String">male</Data></Cell>
			<Cell><Data ss:Type="String">nguyen_ho.ngoc@gmail.com</Data></Cell>
			<Cell><Data ss:Type="String">0984213157</Data></Cell>
		</Row>
		<Row>
			<Cell><Data ss:Type="String">QL001</Data></Cell>
			<Cell><Data ss:Type="String">Nguyễn</Data></Cell>
			<Cell><Data ss:Type="String">Thành</Data></Cell>
			<Cell><Data ss:Type="String">Nhân</Data></Cell>
			<Cell><Data ss:Type="Number">1979</Data></Cell>
			<Cell><Data ss:Type="String">male</Data></Cell>
			<Cell><Data ss:Type="String">nhannguyen_thanh@gmail.com</Data></Cell>
			<Cell><Data ss:Type="String"></Data></Cell>
		</Row>
		<Row>
			<Cell><Data ss:Type="String">QL002</Data></Cell>
			<Cell><Data ss:Type="String">Nguyễn</Data></Cell>
			<Cell><Data ss:Type="String">Thanh</Data></Cell>
			<Cell><Data ss:Type="String">Tùng</Data></Cell>
			<Cell><Data ss:Type="Number">1985</Data></Cell>
			<Cell><Data ss:Type="String">male</Data></Cell>
			<Cell><Data ss:Type="String">tung_nguyen_thanh@gmail.com</Data></Cell>
			<Cell><Data ss:Type="String"></Data></Cell>
		</Row>
		<Row>
			<Cell><Data ss:Type="String">QL003</Data></Cell>
			<Cell><Data ss:Type="String">Trần</Data></Cell>
			<Cell><Data ss:Type="String">Thanh</Data></Cell>
			<Cell><Data ss:Type="String">Tâm</Data></Cell>
			<Cell><Data ss:Type="Number">1988</Data></Cell>
			<Cell><Data ss:Type="String">female</Data></Cell>
			<Cell><Data ss:Type="String">tam_thanhtran@gmail.com</Data></Cell>
			<Cell><Data ss:Type="String"></Data></Cell>
		</Row>
		<Row>
			<Cell><Data ss:Type="String">TG001</Data></Cell>
			<Cell><Data ss:Type="String">Bùi</Data></Cell>
			<Cell><Data ss:Type="String">Công Anh</Data></Cell>
			<Cell><Data ss:Type="String">Tùng</Data></Cell>
			<Cell><Data ss:Type="Number">1997</Data></Cell>
			<Cell><Data ss:Type="String">male</Data></Cell>
			<Cell><Data ss:Type="String">tung_bui@gmail.com</Data></Cell>
			<Cell><Data ss:Type="String">0954215132</Data></Cell>
		</Row>
		<Row>
			<Cell><Data ss:Type="String">TG002</Data></Cell>
			<Cell><Data ss:Type="String">Huỳnh</Data></Cell>
			<Cell><Data ss:Type="String">Tường</Data></Cell>
			<Cell><Data ss:Type="String">Vy</Data></Cell>
			<Cell><Data ss:Type="Number">1996</Data></Cell>
			<Cell><Data ss:Type="String">female</Data></Cell>
			<Cell><Data ss:Type="String">vy_huynhhuynh@gmail.com</Data></Cell>
			<Cell><Data ss:Type="String">0378454652</Data></Cell>
		</Row>
		<Row>
			<Cell><Data ss:Type="String">TG003</Data></Cell>
			<Cell><Data ss:Type="String">Nguyễn</Data></Cell>
			<Cell><Data ss:Type="String">Trần Hoàng</Data></Cell>
			<Cell><Data ss:Type="String">Huy</Data></Cell>
			<Cell><Data ss:Type="Number">1998</Data></Cell>
			<Cell><Data ss:Type="String">male</Data></Cell>
			<Cell><Data ss:Type="String">huy_hoang@gmail.com</Data></Cell>
			<Cell><Data ss:Type="String">0964512157</Data></Cell>
		</Row>
		<Row>
			<Cell><Data ss:Type="String">TG004</Data></Cell>
			<Cell><Data ss:Type="String">Văn</Data></Cell>
			<Cell><Data ss:Type="String">Hồ Thu</Data></Cell>
			<Cell><Data ss:Type="String">Nguyệt</Data></Cell>
			<Cell><Data ss:Type="Number">2001</Data></Cell>
			<Cell><Data ss:Type="String">female</Data></Cell>
			<Cell><Data ss:Type="String">vanhotn@gmail.com</Data></Cell>
			<Cell><Data ss:Type="String">0985264631</Data></Cell>
		</Row>	</Table>
</Worksheet>
</Workbook>
