<?xml version="1.0" encoding="UTF-8"?>
<?mso-application progid="Excel.Sheet"?>
<Workbook xmlns="urn:schemas-microsoft-com:office:spreadsheet"
xmlns:o="urn:schemas-microsoft-com:office:office"
xmlns:x="urn:schemas-microsoft-com:office:excel"
xmlns:ss="urn:schemas-microsoft-com:office:spreadsheet"
xmlns:html="http://www.w3.org/TR/REC-html40">
<Worksheet ss:Name="Table1">
	<Table>
		<Column ss:Index="1" ss:AutoFitWidth="0" ss:Width="110"/>
		<Column ss:Index="3" ss:AutoFitWidth="0" ss:Width="110"/>
		<Column ss:Index="4" ss:AutoFitWidth="0" ss:Width="110"/>
		<Column ss:Index="5" ss:AutoFitWidth="0" ss:Width="110"/>
		<Column ss:Index="6" ss:AutoFitWidth="0" ss:Width="110"/>
		<Column ss:Index="7" ss:AutoFitWidth="0" ss:Width="110"/>
		<Row>
			<Cell><Data ss:Type="String">Tenphuhuynh</Data></Cell>
			<Cell><Data ss:Type="String">Namsinh</Data></Cell>
			<Cell><Data ss:Type="String">Gioitinh</Data></Cell>
			<Cell><Data ss:Type="String">Email</Data></Cell>
			<Cell><Data ss:Type="String">Quanhe</Data></Cell>
			<Cell><Data ss:Type="String">hocvienMaHV</Data></Cell>
			<Cell><Data ss:Type="String">Sodienthoai</Data></Cell>
		</Row>

		<Row>
			<Cell><Data ss:Type="String">Đinh Gia Quang</Data></Cell>
			<Cell><Data ss:Type="Number">1990</Data></Cell>
			<Cell><Data ss:Type="String">male</Data></Cell>
			<Cell><Data ss:Type="String">quang_dinh@gmail.com</Data></Cell>
			<Cell><Data ss:Type="String">Chú</Data></Cell>
			<Cell><Data ss:Type="String">1412667</Data></Cell>
			<Cell><Data ss:Type="String">0905241245</Data></Cell>
		</Row>
		<Row>
			<Cell><Data ss:Type="String">Hà Đức Chinh</Data></Cell>
			<Cell><Data ss:Type="Number">1983</Data></Cell>
			<Cell><Data ss:Type="String">male</Data></Cell>
			<Cell><Data ss:Type="String">chinhha@gmail.com</Data></Cell>
			<Cell><Data ss:Type="String">Cha</Data></Cell>
			<Cell><Data ss:Type="String">1912322</Data></Cell>
			<Cell><Data ss:Type="String">0984513147</Data></Cell>
		</Row>
		<Row>
			<Cell><Data ss:Type="String">Hà Ngọc Nguyệt</Data></Cell>
			<Cell><Data ss:Type="Number">1980</Data></Cell>
			<Cell><Data ss:Type="String">female</Data></Cell>
			<Cell><Data ss:Type="String">nguyetha@gmail.com</Data></Cell>
			<Cell><Data ss:Type="String">Mẹ</Data></Cell>
			<Cell><Data ss:Type="String">1312451</Data></Cell>
			<Cell><Data ss:Type="String">0372418357</Data></Cell>
		</Row>
		<Row>
			<Cell><Data ss:Type="String">Lê Hoàng Dương</Data></Cell>
			<Cell><Data ss:Type="Number">1959</Data></Cell>
			<Cell><Data ss:Type="String">male</Data></Cell>
			<Cell><Data ss:Type="String">duong_le@gmail.com</Data></Cell>
			<Cell><Data ss:Type="String">Cha</Data></Cell>
			<Cell><Data ss:Type="String">1254741</Data></Cell>
			<Cell><Data ss:Type="String">0903567541</Data></Cell>
		</Row>
		<Row>
			<Cell><Data ss:Type="String">Lê Hoàng Dương</Data></Cell>
			<Cell><Data ss:Type="Number">1959</Data></Cell>
			<Cell><Data ss:Type="String">male</Data></Cell>
			<Cell><Data ss:Type="String">duong_le@gmail.com</Data></Cell>
			<Cell><Data ss:Type="String">Cha</Data></Cell>
			<Cell><Data ss:Type="String">1912123</Data></Cell>
			<Cell><Data ss:Type="String">0903567541</Data></Cell>
		</Row>
		<Row>
			<Cell><Data ss:Type="String">Lê Thanh Trúc</Data></Cell>
			<Cell><Data ss:Type="Number">1970</Data></Cell>
			<Cell><Data ss:Type="String">female</Data></Cell>
			<Cell><Data ss:Type="String">truc_thanhle@gmail.com</Data></Cell>
			<Cell><Data ss:Type="String">Mẹ</Data></Cell>
			<Cell><Data ss:Type="String">1820566</Data></Cell>
			<Cell><Data ss:Type="String">0965412011</Data></Cell>
		</Row>
		<Row>
			<Cell><Data ss:Type="String">Lê Văn Việt</Data></Cell>
			<Cell><Data ss:Type="Number">1969</Data></Cell>
			<Cell><Data ss:Type="String">male</Data></Cell>
			<Cell><Data ss:Type="String">viet_le@gmail.com</Data></Cell>
			<Cell><Data ss:Type="String">Cha</Data></Cell>
			<Cell><Data ss:Type="String">1910448</Data></Cell>
			<Cell><Data ss:Type="String">0902031154</Data></Cell>
		</Row>
		<Row>
			<Cell><Data ss:Type="String">Ngô Quang Khải</Data></Cell>
			<Cell><Data ss:Type="Number">1979</Data></Cell>
			<Cell><Data ss:Type="String">male</Data></Cell>
			<Cell><Data ss:Type="String">khai_ngoquang@gmail.com</Data></Cell>
			<Cell><Data ss:Type="String">Chú</Data></Cell>
			<Cell><Data ss:Type="String">1810227</Data></Cell>
			<Cell><Data ss:Type="String">0372564123</Data></Cell>
		</Row>
		<Row>
			<Cell><Data ss:Type="String">Nguyễn Thanh Ngọc</Data></Cell>
			<Cell><Data ss:Type="Number">1989</Data></Cell>
			<Cell><Data ss:Type="String">female</Data></Cell>
			<Cell><Data ss:Type="String">ngoc_thanhthanh@gmail.com</Data></Cell>
			<Cell><Data ss:Type="String">Cô</Data></Cell>
			<Cell><Data ss:Type="String">2012222</Data></Cell>
			<Cell><Data ss:Type="String">0965471452</Data></Cell>
		</Row>
		<Row>
			<Cell><Data ss:Type="String">Nguyễn Thanh Sơn</Data></Cell>
			<Cell><Data ss:Type="Number">1965</Data></Cell>
			<Cell><Data ss:Type="String">male</Data></Cell>
			<Cell><Data ss:Type="String">thanhsonnguyen@gmail.com</Data></Cell>
			<Cell><Data ss:Type="String">Cậu</Data></Cell>
			<Cell><Data ss:Type="String">1911704</Data></Cell>
			<Cell><Data ss:Type="String">0965412457</Data></Cell>
		</Row>	</Table>
</Worksheet>
</Workbook>
