<?xml version="1.0" encoding="UTF-8"?>
<?mso-application progid="Excel.Sheet"?>
<Workbook xmlns="urn:schemas-microsoft-com:office:spreadsheet"
xmlns:o="urn:schemas-microsoft-com:office:office"
xmlns:x="urn:schemas-microsoft-com:office:excel"
xmlns:ss="urn:schemas-microsoft-com:office:spreadsheet"
xmlns:html="http://www.w3.org/TR/REC-html40">
<Worksheet ss:Name="Table1">
	<Table>
		<Column ss:Index="1" ss:AutoFitWidth="0" ss:Width="110"/>
		<Row>
			<Cell><Data ss:Type="String">nhanvienMaNV</Data></Cell>
		</Row>

		<Row>
			<Cell><Data ss:Type="String">QL001</Data></Cell>
		</Row>
		<Row>
			<Cell><Data ss:Type="String">QL002</Data></Cell>
		</Row>
		<Row>
			<Cell><Data ss:Type="String">QL003</Data></Cell>
		</Row>	</Table>
</Worksheet>
</Workbook>
