<?xml version="1.0" encoding="UTF-8"?>
<?mso-application progid="Excel.Sheet"?>
<Workbook xmlns="urn:schemas-microsoft-com:office:spreadsheet"
xmlns:o="urn:schemas-microsoft-com:office:office"
xmlns:x="urn:schemas-microsoft-com:office:excel"
xmlns:ss="urn:schemas-microsoft-com:office:spreadsheet"
xmlns:html="http://www.w3.org/TR/REC-html40">
<Worksheet ss:Name="Table1">
	<Table>
		<Column ss:Index="1" ss:AutoFitWidth="0" ss:Width="110"/>
		<Column ss:Index="2" ss:AutoFitWidth="0" ss:Width="110"/>
		<Row>
			<Cell><Data ss:Type="String">giaotrinhMaGT</Data></Cell>
			<Cell><Data ss:Type="String">khoahocMaKH</Data></Cell>
		</Row>

		<Row>
			<Cell><Data ss:Type="String">KN001_GT01</Data></Cell>
			<Cell><Data ss:Type="String">KN001</Data></Cell>
		</Row>
		<Row>
			<Cell><Data ss:Type="String">KN002_GT01</Data></Cell>
			<Cell><Data ss:Type="String">KN002</Data></Cell>
		</Row>
		<Row>
			<Cell><Data ss:Type="String">KN003_GT01</Data></Cell>
			<Cell><Data ss:Type="String">KN003</Data></Cell>
		</Row>
		<Row>
			<Cell><Data ss:Type="String">KN004_GT01</Data></Cell>
			<Cell><Data ss:Type="String">KN004</Data></Cell>
		</Row>
		<Row>
			<Cell><Data ss:Type="String">OT001_GT01</Data></Cell>
			<Cell><Data ss:Type="String">OT001</Data></Cell>
		</Row>
		<Row>
			<Cell><Data ss:Type="String">OT001_GT02</Data></Cell>
			<Cell><Data ss:Type="String">OT001</Data></Cell>
		</Row>
		<Row>
			<Cell><Data ss:Type="String">OT002_GT01</Data></Cell>
			<Cell><Data ss:Type="String">OT002</Data></Cell>
		</Row>
		<Row>
			<Cell><Data ss:Type="String">OT002_GT02</Data></Cell>
			<Cell><Data ss:Type="String">OT002</Data></Cell>
		</Row>
		<Row>
			<Cell><Data ss:Type="String">OT002_GT03</Data></Cell>
			<Cell><Data ss:Type="String">OT002</Data></Cell>
		</Row>
		<Row>
			<Cell><Data ss:Type="String">OT003_GT01</Data></Cell>
			<Cell><Data ss:Type="String">OT003</Data></Cell>
		</Row>
		<Row>
			<Cell><Data ss:Type="String">OT003_GT02</Data></Cell>
			<Cell><Data ss:Type="String">OT003</Data></Cell>
		</Row>
		<Row>
			<Cell><Data ss:Type="String">OT003_GT03</Data></Cell>
			<Cell><Data ss:Type="String">OT003</Data></Cell>
		</Row>
		<Row>
			<Cell><Data ss:Type="String">OT004_GT01</Data></Cell>
			<Cell><Data ss:Type="String">OT004</Data></Cell>
		</Row>
		<Row>
			<Cell><Data ss:Type="String">OT004_GT02</Data></Cell>
			<Cell><Data ss:Type="String">OT004</Data></Cell>
		</Row>
		<Row>
			<Cell><Data ss:Type="String">OT005_GT01</Data></Cell>
			<Cell><Data ss:Type="String">OT005</Data></Cell>
		</Row>
		<Row>
			<Cell><Data ss:Type="String">OT005_GT02</Data></Cell>
			<Cell><Data ss:Type="String">OT005</Data></Cell>
		</Row>
		<Row>
			<Cell><Data ss:Type="String">OT006_GT01</Data></Cell>
			<Cell><Data ss:Type="String">OT006</Data></Cell>
		</Row>
		<Row>
			<Cell><Data ss:Type="String">OT007_GT01</Data></Cell>
			<Cell><Data ss:Type="String">OT007</Data></Cell>
		</Row>
		<Row>
			<Cell><Data ss:Type="String">OT007_GT02</Data></Cell>
			<Cell><Data ss:Type="String">OT007</Data></Cell>
		</Row>
		<Row>
			<Cell><Data ss:Type="String">TN001_GT01</Data></Cell>
			<Cell><Data ss:Type="String">TN001</Data></Cell>
		</Row>
		<Row>
			<Cell><Data ss:Type="String">TN001_GT02</Data></Cell>
			<Cell><Data ss:Type="String">TN001</Data></Cell>
		</Row>
		<Row>
			<Cell><Data ss:Type="String">TNH001_GT01</Data></Cell>
			<Cell><Data ss:Type="String">TNH001</Data></Cell>
		</Row>
		<Row>
			<Cell><Data ss:Type="String">TNH001_GT02</Data></Cell>
			<Cell><Data ss:Type="String">TNH001</Data></Cell>
		</Row>
		<Row>
			<Cell><Data ss:Type="String">TNH002_GT01</Data></Cell>
			<Cell><Data ss:Type="String">TNH002</Data></Cell>
		</Row>
		<Row>
			<Cell><Data ss:Type="String">TNH002_GT02</Data></Cell>
			<Cell><Data ss:Type="String">TNH002</Data></Cell>
		</Row>	</Table>
</Worksheet>
</Workbook>
