<?xml version="1.0" encoding="UTF-8"?>
<?mso-application progid="Excel.Sheet"?>
<Workbook xmlns="urn:schemas-microsoft-com:office:spreadsheet"
xmlns:o="urn:schemas-microsoft-com:office:office"
xmlns:x="urn:schemas-microsoft-com:office:excel"
xmlns:ss="urn:schemas-microsoft-com:office:spreadsheet"
xmlns:html="http://www.w3.org/TR/REC-html40">
<Worksheet ss:Name="Table1">
	<Table>
		<Column ss:Index="1" ss:AutoFitWidth="0" ss:Width="110"/>
		<Column ss:Index="4" ss:AutoFitWidth="0" ss:Width="110"/>
		<Row>
			<Cell><Data ss:Type="String">Ngay</Data></Cell>
			<Cell><Data ss:Type="String">Giobatdau</Data></Cell>
			<Cell><Data ss:Type="String">Gioketthuc</Data></Cell>
			<Cell><Data ss:Type="String">lophocMaLH</Data></Cell>
		</Row>

		<Row>
			<Cell><Data ss:Type="String">3</Data></Cell>
			<Cell><Data ss:Type="Number">17</Data></Cell>
			<Cell><Data ss:Type="Number">19</Data></Cell>
			<Cell><Data ss:Type="String">KN001_L01</Data></Cell>
		</Row>
		<Row>
			<Cell><Data ss:Type="String">5</Data></Cell>
			<Cell><Data ss:Type="Number">17</Data></Cell>
			<Cell><Data ss:Type="Number">19</Data></Cell>
			<Cell><Data ss:Type="String">KN001_L01</Data></Cell>
		</Row>
		<Row>
			<Cell><Data ss:Type="String">7</Data></Cell>
			<Cell><Data ss:Type="Number">17</Data></Cell>
			<Cell><Data ss:Type="Number">19</Data></Cell>
			<Cell><Data ss:Type="String">KN001_L01</Data></Cell>
		</Row>
		<Row>
			<Cell><Data ss:Type="String">2</Data></Cell>
			<Cell><Data ss:Type="Number">17</Data></Cell>
			<Cell><Data ss:Type="Number">19</Data></Cell>
			<Cell><Data ss:Type="String">KN001_L02</Data></Cell>
		</Row>
		<Row>
			<Cell><Data ss:Type="String">4</Data></Cell>
			<Cell><Data ss:Type="Number">17</Data></Cell>
			<Cell><Data ss:Type="Number">19</Data></Cell>
			<Cell><Data ss:Type="String">KN001_L02</Data></Cell>
		</Row>
		<Row>
			<Cell><Data ss:Type="String">6</Data></Cell>
			<Cell><Data ss:Type="Number">17</Data></Cell>
			<Cell><Data ss:Type="Number">19</Data></Cell>
			<Cell><Data ss:Type="String">KN001_L02</Data></Cell>
		</Row>
		<Row>
			<Cell><Data ss:Type="String">3</Data></Cell>
			<Cell><Data ss:Type="Number">5</Data></Cell>
			<Cell><Data ss:Type="Number">7</Data></Cell>
			<Cell><Data ss:Type="String">KN002_L05</Data></Cell>
		</Row>
		<Row>
			<Cell><Data ss:Type="String">5</Data></Cell>
			<Cell><Data ss:Type="Number">5</Data></Cell>
			<Cell><Data ss:Type="Number">7</Data></Cell>
			<Cell><Data ss:Type="String">KN002_L05</Data></Cell>
		</Row>
		<Row>
			<Cell><Data ss:Type="String">7</Data></Cell>
			<Cell><Data ss:Type="Number">5</Data></Cell>
			<Cell><Data ss:Type="Number">7</Data></Cell>
			<Cell><Data ss:Type="String">KN002_L05</Data></Cell>
		</Row>
		<Row>
			<Cell><Data ss:Type="String">7</Data></Cell>
			<Cell><Data ss:Type="Number">7</Data></Cell>
			<Cell><Data ss:Type="Number">10</Data></Cell>
			<Cell><Data ss:Type="String">KN003_L03</Data></Cell>
		</Row>
		<Row>
			<Cell><Data ss:Type="String">8</Data></Cell>
			<Cell><Data ss:Type="Number">7</Data></Cell>
			<Cell><Data ss:Type="Number">10</Data></Cell>
			<Cell><Data ss:Type="String">KN003_L03</Data></Cell>
		</Row>
		<Row>
			<Cell><Data ss:Type="String">7</Data></Cell>
			<Cell><Data ss:Type="Number">1</Data></Cell>
			<Cell><Data ss:Type="Number">4</Data></Cell>
			<Cell><Data ss:Type="String">KN004_L01</Data></Cell>
		</Row>
		<Row>
			<Cell><Data ss:Type="String">8</Data></Cell>
			<Cell><Data ss:Type="Number">1</Data></Cell>
			<Cell><Data ss:Type="Number">4</Data></Cell>
			<Cell><Data ss:Type="String">KN004_L01</Data></Cell>
		</Row>
		<Row>
			<Cell><Data ss:Type="String">2</Data></Cell>
			<Cell><Data ss:Type="Number">17</Data></Cell>
			<Cell><Data ss:Type="Number">19</Data></Cell>
			<Cell><Data ss:Type="String">OT001_L01</Data></Cell>
		</Row>
		<Row>
			<Cell><Data ss:Type="String">4</Data></Cell>
			<Cell><Data ss:Type="Number">17</Data></Cell>
			<Cell><Data ss:Type="Number">19</Data></Cell>
			<Cell><Data ss:Type="String">OT001_L01</Data></Cell>
		</Row>
		<Row>
			<Cell><Data ss:Type="String">6</Data></Cell>
			<Cell><Data ss:Type="Number">17</Data></Cell>
			<Cell><Data ss:Type="Number">19</Data></Cell>
			<Cell><Data ss:Type="String">OT001_L01</Data></Cell>
		</Row>
		<Row>
			<Cell><Data ss:Type="String">7</Data></Cell>
			<Cell><Data ss:Type="Number">7</Data></Cell>
			<Cell><Data ss:Type="Number">10</Data></Cell>
			<Cell><Data ss:Type="String">OT001_L02</Data></Cell>
		</Row>
		<Row>
			<Cell><Data ss:Type="String">8</Data></Cell>
			<Cell><Data ss:Type="Number">7</Data></Cell>
			<Cell><Data ss:Type="Number">10</Data></Cell>
			<Cell><Data ss:Type="String">OT001_L02</Data></Cell>
		</Row>
		<Row>
			<Cell><Data ss:Type="String">2</Data></Cell>
			<Cell><Data ss:Type="Number">17</Data></Cell>
			<Cell><Data ss:Type="Number">19</Data></Cell>
			<Cell><Data ss:Type="String">OT002_L01</Data></Cell>
		</Row>
		<Row>
			<Cell><Data ss:Type="String">4</Data></Cell>
			<Cell><Data ss:Type="Number">17</Data></Cell>
			<Cell><Data ss:Type="Number">19</Data></Cell>
			<Cell><Data ss:Type="String">OT002_L01</Data></Cell>
		</Row>
		<Row>
			<Cell><Data ss:Type="String">6</Data></Cell>
			<Cell><Data ss:Type="Number">17</Data></Cell>
			<Cell><Data ss:Type="Number">19</Data></Cell>
			<Cell><Data ss:Type="String">OT002_L01</Data></Cell>
		</Row>
		<Row>
			<Cell><Data ss:Type="String">2</Data></Cell>
			<Cell><Data ss:Type="Number">17</Data></Cell>
			<Cell><Data ss:Type="Number">19</Data></Cell>
			<Cell><Data ss:Type="String">OT002_L02</Data></Cell>
		</Row>
		<Row>
			<Cell><Data ss:Type="String">4</Data></Cell>
			<Cell><Data ss:Type="Number">17</Data></Cell>
			<Cell><Data ss:Type="Number">19</Data></Cell>
			<Cell><Data ss:Type="String">OT002_L02</Data></Cell>
		</Row>
		<Row>
			<Cell><Data ss:Type="String">6</Data></Cell>
			<Cell><Data ss:Type="Number">17</Data></Cell>
			<Cell><Data ss:Type="Number">19</Data></Cell>
			<Cell><Data ss:Type="String">OT002_L02</Data></Cell>
		</Row>
		<Row>
			<Cell><Data ss:Type="String">2</Data></Cell>
			<Cell><Data ss:Type="Number">7</Data></Cell>
			<Cell><Data ss:Type="Number">9</Data></Cell>
			<Cell><Data ss:Type="String">OT003_L01</Data></Cell>
		</Row>
		<Row>
			<Cell><Data ss:Type="String">4</Data></Cell>
			<Cell><Data ss:Type="Number">7</Data></Cell>
			<Cell><Data ss:Type="Number">9</Data></Cell>
			<Cell><Data ss:Type="String">OT003_L01</Data></Cell>
		</Row>
		<Row>
			<Cell><Data ss:Type="String">6</Data></Cell>
			<Cell><Data ss:Type="Number">7</Data></Cell>
			<Cell><Data ss:Type="Number">9</Data></Cell>
			<Cell><Data ss:Type="String">OT003_L01</Data></Cell>
		</Row>
		<Row>
			<Cell><Data ss:Type="String">2</Data></Cell>
			<Cell><Data ss:Type="Number">10</Data></Cell>
			<Cell><Data ss:Type="Number">12</Data></Cell>
			<Cell><Data ss:Type="String">OT003_L02</Data></Cell>
		</Row>
		<Row>
			<Cell><Data ss:Type="String">4</Data></Cell>
			<Cell><Data ss:Type="Number">10</Data></Cell>
			<Cell><Data ss:Type="Number">12</Data></Cell>
			<Cell><Data ss:Type="String">OT003_L02</Data></Cell>
		</Row>
		<Row>
			<Cell><Data ss:Type="String">6</Data></Cell>
			<Cell><Data ss:Type="Number">10</Data></Cell>
			<Cell><Data ss:Type="Number">12</Data></Cell>
			<Cell><Data ss:Type="String">OT003_L02</Data></Cell>
		</Row>
		<Row>
			<Cell><Data ss:Type="String">2</Data></Cell>
			<Cell><Data ss:Type="Number">3</Data></Cell>
			<Cell><Data ss:Type="Number">5</Data></Cell>
			<Cell><Data ss:Type="String">OT003_L03</Data></Cell>
		</Row>
		<Row>
			<Cell><Data ss:Type="String">4</Data></Cell>
			<Cell><Data ss:Type="Number">3</Data></Cell>
			<Cell><Data ss:Type="Number">5</Data></Cell>
			<Cell><Data ss:Type="String">OT003_L03</Data></Cell>
		</Row>
		<Row>
			<Cell><Data ss:Type="String">6</Data></Cell>
			<Cell><Data ss:Type="Number">3</Data></Cell>
			<Cell><Data ss:Type="Number">5</Data></Cell>
			<Cell><Data ss:Type="String">OT003_L03</Data></Cell>
		</Row>
		<Row>
			<Cell><Data ss:Type="String">3</Data></Cell>
			<Cell><Data ss:Type="Number">3</Data></Cell>
			<Cell><Data ss:Type="Number">5</Data></Cell>
			<Cell><Data ss:Type="String">OT004_L05</Data></Cell>
		</Row>
		<Row>
			<Cell><Data ss:Type="String">5</Data></Cell>
			<Cell><Data ss:Type="Number">3</Data></Cell>
			<Cell><Data ss:Type="Number">5</Data></Cell>
			<Cell><Data ss:Type="String">OT004_L05</Data></Cell>
		</Row>
		<Row>
			<Cell><Data ss:Type="String">7</Data></Cell>
			<Cell><Data ss:Type="Number">3</Data></Cell>
			<Cell><Data ss:Type="Number">5</Data></Cell>
			<Cell><Data ss:Type="String">OT004_L05</Data></Cell>
		</Row>
		<Row>
			<Cell><Data ss:Type="String">3</Data></Cell>
			<Cell><Data ss:Type="Number">10</Data></Cell>
			<Cell><Data ss:Type="Number">12</Data></Cell>
			<Cell><Data ss:Type="String">TN001_L05</Data></Cell>
		</Row>
		<Row>
			<Cell><Data ss:Type="String">5</Data></Cell>
			<Cell><Data ss:Type="Number">10</Data></Cell>
			<Cell><Data ss:Type="Number">12</Data></Cell>
			<Cell><Data ss:Type="String">TN001_L05</Data></Cell>
		</Row>
		<Row>
			<Cell><Data ss:Type="String">7</Data></Cell>
			<Cell><Data ss:Type="Number">10</Data></Cell>
			<Cell><Data ss:Type="Number">12</Data></Cell>
			<Cell><Data ss:Type="String">TN001_L05</Data></Cell>
		</Row>
		<Row>
			<Cell><Data ss:Type="String">2</Data></Cell>
			<Cell><Data ss:Type="Number">17</Data></Cell>
			<Cell><Data ss:Type="Number">19</Data></Cell>
			<Cell><Data ss:Type="String">TNH001_L01</Data></Cell>
		</Row>
		<Row>
			<Cell><Data ss:Type="String">4</Data></Cell>
			<Cell><Data ss:Type="Number">17</Data></Cell>
			<Cell><Data ss:Type="Number">19</Data></Cell>
			<Cell><Data ss:Type="String">TNH001_L01</Data></Cell>
		</Row>
		<Row>
			<Cell><Data ss:Type="String">6</Data></Cell>
			<Cell><Data ss:Type="Number">17</Data></Cell>
			<Cell><Data ss:Type="Number">19</Data></Cell>
			<Cell><Data ss:Type="String">TNH001_L01</Data></Cell>
		</Row>
		<Row>
			<Cell><Data ss:Type="String">2</Data></Cell>
			<Cell><Data ss:Type="Number">17</Data></Cell>
			<Cell><Data ss:Type="Number">19</Data></Cell>
			<Cell><Data ss:Type="String">TNH001_L02</Data></Cell>
		</Row>
		<Row>
			<Cell><Data ss:Type="String">4</Data></Cell>
			<Cell><Data ss:Type="Number">17</Data></Cell>
			<Cell><Data ss:Type="Number">19</Data></Cell>
			<Cell><Data ss:Type="String">TNH001_L02</Data></Cell>
		</Row>
		<Row>
			<Cell><Data ss:Type="String">6</Data></Cell>
			<Cell><Data ss:Type="Number">17</Data></Cell>
			<Cell><Data ss:Type="Number">19</Data></Cell>
			<Cell><Data ss:Type="String">TNH001_L02</Data></Cell>
		</Row>
		<Row>
			<Cell><Data ss:Type="String">3</Data></Cell>
			<Cell><Data ss:Type="Number">7</Data></Cell>
			<Cell><Data ss:Type="Number">9</Data></Cell>
			<Cell><Data ss:Type="String">TNH002_L05</Data></Cell>
		</Row>
		<Row>
			<Cell><Data ss:Type="String">5</Data></Cell>
			<Cell><Data ss:Type="Number">7</Data></Cell>
			<Cell><Data ss:Type="Number">9</Data></Cell>
			<Cell><Data ss:Type="String">TNH002_L05</Data></Cell>
		</Row>
		<Row>
			<Cell><Data ss:Type="String">7</Data></Cell>
			<Cell><Data ss:Type="Number">7</Data></Cell>
			<Cell><Data ss:Type="Number">9</Data></Cell>
			<Cell><Data ss:Type="String">TNH002_L05</Data></Cell>
		</Row>	</Table>
</Worksheet>
</Workbook>
