<?xml version="1.0" encoding="UTF-8"?>
<?mso-application progid="Excel.Sheet"?>
<Workbook xmlns="urn:schemas-microsoft-com:office:spreadsheet"
xmlns:o="urn:schemas-microsoft-com:office:office"
xmlns:x="urn:schemas-microsoft-com:office:excel"
xmlns:ss="urn:schemas-microsoft-com:office:spreadsheet"
xmlns:html="http://www.w3.org/TR/REC-html40">
<Worksheet ss:Name="Table1">
	<Table>
		<Column ss:Index="2" ss:AutoFitWidth="0" ss:Width="110"/>
		<Column ss:Index="3" ss:AutoFitWidth="0" ss:Width="110"/>
		<Row>
			<Cell><Data ss:Type="String">Diem</Data></Cell>
			<Cell><Data ss:Type="String">Ngaycapnhat</Data></Cell>
			<Cell><Data ss:Type="String">hocvienMaHV</Data></Cell>
		</Row>

		<Row>
			<Cell><Data ss:Type="Number">4</Data></Cell>
			<Cell><Data ss:Type="String">2020-01-15 05:40:50</Data></Cell>
			<Cell><Data ss:Type="String">1912123</Data></Cell>
		</Row>
		<Row>
			<Cell><Data ss:Type="Number">6</Data></Cell>
			<Cell><Data ss:Type="String">2021-11-05 05:40:50</Data></Cell>
			<Cell><Data ss:Type="String">1912123</Data></Cell>
		</Row>
		<Row>
			<Cell><Data ss:Type="Number">5</Data></Cell>
			<Cell><Data ss:Type="String">2021-01-15 05:40:50</Data></Cell>
			<Cell><Data ss:Type="String">1912190</Data></Cell>
		</Row>
		<Row>
			<Cell><Data ss:Type="Number">6</Data></Cell>
			<Cell><Data ss:Type="String">2021-08-15 05:40:50</Data></Cell>
			<Cell><Data ss:Type="String">1912190</Data></Cell>
		</Row>
		<Row>
			<Cell><Data ss:Type="Number">7</Data></Cell>
			<Cell><Data ss:Type="String">2021-11-11 05:40:50</Data></Cell>
			<Cell><Data ss:Type="String">1912190</Data></Cell>
		</Row>	</Table>
</Worksheet>
</Workbook>
